cell_id	fallback
4033	0.06666667014360428
4036	0.1003236249089241
4045	0.05263157933950424
4047	0.6127562522888184
4048	0.9677419066429138
4049	1.0
4050	0.21003134548664093
4051	0.7939394116401672
4052	1.0
4053	1.0
4054	1.0
4055	1.0
4056	0.9238095283508301
4057	1.0
4058	0.5882353186607361
4059	0.886956512928009
4104	0.9695431590080261
4105	0.568345308303833
4106	1.0
4107	1.0
4108	1.0
4109	0.8820754885673523
4110	1.0
4111	0.8176637887954712
4112	1.0
4113	0.9037266969680786
4114	1.0
4115	1.0
4116	0.10041841119527817
4117	0.22084367275238037
4124	0.26778241991996765
4125	0.6902173757553101
4126	0.10857142508029938
4127	0.96875
4128	1.0
4129	1.0
4130	0.6651785969734192
4131	1.0
4132	1.0
4133	1.0
4134	1.0
4135	1.0
4136	0.8554216623306274
4137	0.05263157933950424
4138	0.27419355511665344
4146	0.04026845470070839
4147	0.22404371201992035
4149	0.09433962404727936
4303	0.848557710647583
4304	1.0
4305	1.0
4306	1.0
4307	1.0
4308	0.5696969628334045
4309	0.09850746393203735
4327	0.11395348608493805
4330	0.6293532252311707
4331	0.810068666934967
4332	1.0
4333	1.0
4334	1.0
4335	1.0
4336	1.0
4337	1.0
4338	1.0
4339	0.6691729426383972
4347	1.0
4348	1.0
4349	1.0
4350	0.6847826242446899
4351	0.8039215803146362
4354	0.022304832935333252
4355	0.005181347019970417
4360	1.0
4364	0.2163461595773697
4368	0.9903537034988403
4373	1.0
4374	0.9469026327133179
4375	0.037974681705236435
4376	1.0
4378	1.0
4380	0.8527131676673889
4381	1.0
4383	0.2571428716182709
4387	1.0
4388	1.0
4389	0.3186813294887543
4390	0.7714285850524902
4391	1.0
4392	1.0
4393	1.0
4394	1.0
4395	1.0
4398	0.4947735071182251
4401	0.19354838132858276
4402	1.0
4403	1.0
4404	0.3575129508972168
4405	0.9166666865348816
4406	0.8674699068069458
4410	0.39303481578826904
4411	1.0
4417	0.10740740597248077
4418	1.0
4419	1.0
4420	0.9489051103591919
4422	0.5714285969734192
4425	0.8381502628326416
4426	0.5615384578704834
4430	0.3539822995662689
4431	1.0
4439	0.37162160873413086
4448	0.08675798773765564
4449	1.0
4549	1.0
4594	0.029411764815449715
4595	0.09180327504873276
4596	0.39694657921791077
4597	0.7773279547691345
4598	1.0
4599	1.0
4600	1.0
4601	1.0
4602	0.8888888955116272
4603	1.0
4604	0.9788732528686523
4605	0.9493087530136108
4606	0.11324786394834518
4607	0.03311258181929588
4608	0.09485094994306564
4613	0.8999999761581421
4614	0.921875
4615	1.0
4616	1.0
4617	1.0
4618	1.0
4619	1.0
4620	1.0
4621	1.0
4622	0.1367521435022354
4624	0.02054794505238533
4634	0.21544715762138367
4635	0.014527845196425915
4640	0.05309734493494034
4641	0.06748466193675995
4642	0.848739504814148
4643	1.0
4644	1.0
4645	1.0
4646	1.0
4647	1.0
4648	1.0
4649	0.3689320385456085
4650	0.010989011265337467
4651	0.2633744776248932
4660	0.11926605552434921
4666	0.35421687364578247
4667	0.3035230338573456
4695	0.3258928656578064
4696	0.8394495248794556
4700	0.0014144271844998002
4702	0.6649350523948669
4703	1.0
4704	0.031976744532585144
4705	0.6483516693115234
4719	0.011876484379172325
4725	0.5698113441467285
4727	0.005988024175167084
4728	0.02184087410569191
4752	0.1858585923910141
4848	0.3664921522140503
4849	1.0
4850	1.0
4851	1.0
4852	1.0
4853	0.13907285034656525
4854	0.005780346691608429
4869	0.017094017937779427
4870	0.2777777910232544
4871	1.0
4872	1.0
4873	1.0
4874	1.0
4875	1.0
4876	1.0
4891	0.234375
4892	0.4000000059604645
4893	0.0891089141368866
4894	0.19075144827365875
4932	0.6081081032752991
4934	0.07992564886808395
4935	0.001818181830458343
4936	0.01794871874153614
4938	0.44680851697921753
4939	1.0
4942	1.0
4944	0.07960198819637299
4947	1.0
4949	0.20393559336662292
4950	0.683783769607544
4951	0.963718831539154
4952	0.015313935466110706
4954	0.7882882952690125
4955	1.0
4957	1.0
4959	0.30038022994995117
4962	0.5263158082962036
4963	0.0423162579536438
4969	0.24380165338516235
4970	1.0
4971	0.9698113203048706
4972	1.0
4974	0.22983871400356293
4975	0.9585921168327332
4980	0.05829596519470215
4982	0.10355987399816513
4986	0.013513513840734959
4991	0.8797653913497925
5762	0.30484989285469055
5766	0.9228571653366089
5775	0.8937729001045227
5776	0.009950248524546623
5783	0.12941177189350128
5785	0.023364486172795296
5786	0.34705883264541626
5787	1.0
5788	1.0
5789	1.0
5790	1.0
5791	1.0
5792	1.0
5793	1.0
5794	0.3095238208770752
5795	0.306547611951828
5804	0.0714285746216774
5805	0.7333333492279053
5806	0.8814159035682678
5807	1.0
5808	0.8441780805587769
5809	1.0
5810	1.0
5811	1.0
5812	0.8960000276565552
5813	0.21927711367607117
5814	0.04244031757116318
5815	0.2915254235267639
5824	0.025236593559384346
5825	0.27696794271469116
5826	1.0
5827	0.9867987036705017
5828	0.9510204195976257
5829	1.0
5830	1.0
5831	1.0
5832	1.0
5833	1.0
5834	0.33250001072883606
5835	0.9876161217689514
5836	0.24637681245803833
5837	0.007874015718698502
5843	0.14374999701976776
5844	1.0
5845	0.9944444298744202
5846	1.0
5847	1.0
5849	0.6441717743873596
5850	1.0
5851	0.054347824305295944
5852	1.0
5853	0.800000011920929
5855	0.48605579137802124
5857	0.2844036817550659
5859	0.07092198729515076
5861	1.0
5866	1.0
5867	0.8479999899864197
5869	0.21830986440181732
5875	0.009933775290846825
5876	0.9188544154167175
5877	1.0
5878	1.0
5879	0.21917808055877686
5880	0.010869565419852734
5881	0.06451612710952759
5884	0.14173229038715363
5885	1.0
5886	0.3732394278049469
5888	0.03954802080988884
5889	0.04639175161719322
5890	0.9780701994895935
5891	1.0
5892	0.753164529800415
5894	0.1557970941066742
5896	0.31736525893211365
5897	1.0
5898	1.0
5899	0.47083333134651184
5996	1.0
5997	0.31081080436706543
5999	0.8208954930305481
6000	1.0
6003	0.17241379618644714
6004	0.856630802154541
6015	0.007263922598212957
6017	0.598901093006134
6018	0.15547703206539154
6019	0.6639175415039062
6021	0.24358974397182465
6023	0.9685534834861755
6024	0.0037735849618911743
6028	0.09947644174098969
6029	0.07692307978868484
6030	0.9921466112136841
6032	0.40148699283599854
6033	0.022900763899087906
6036	0.29050278663635254
6037	1.0
6038	0.2740384638309479
6039	0.4182879328727722
6040	0.22772277891635895
6041	0.3525179922580719
6042	0.008547008968889713
6045	0.5014492869377136
6046	1.0
6047	0.46086955070495605
6048	0.65727698802948
6049	0.009259259328246117
6051	0.09132420271635056
6058	0.36567163467407227
6062	0.21192052960395813
6063	0.9280575513839722
6066	0.21739129722118378
6067	0.0710659921169281
6069	1.0
6071	0.7464788556098938
6073	1.0
6074	1.0
6075	0.02259887009859085
6076	0.8924731016159058
6077	1.0
6079	0.29113924503326416
6081	0.4008810520172119
6082	0.6166666746139526
6092	0.0833333358168602
6094	0.1404494345188141
6096	1.0
6098	1.0
6102	0.7154471278190613
6105	0.31690141558647156
6106	1.0
6107	0.28985506296157837
6110	1.0
6111	1.0
6113	0.6966666579246521
6114	0.9751552939414978
6117	0.0917874425649643
6118	0.005025125574320555
6125	0.1867469847202301
6126	0.08588957041501999
6127	1.0
6128	1.0
6129	0.8144329786300659
6131	0.6393442749977112
6135	0.05263157933950424
6137	0.9862068891525269
6141	0.11578947305679321
6143	1.0
6144	0.49425286054611206
6146	0.3866666555404663
6147	1.0
6148	0.7346368432044983
6149	1.0
6150	0.46562498807907104
6151	1.0
6152	1.0
6153	0.6625000238418579
6154	0.17733989655971527
6155	0.7551020383834839
6164	0.1867469847202301
6165	0.6475644707679749
6166	0.3790322542190552
6167	1.0
6168	1.0
6169	1.0
6170	1.0
6171	0.1678321659564972
6172	0.8164557218551636
6173	0.3076923191547394
6174	1.0
6175	0.5227272510528564
6187	1.0
6191	0.557851254940033
6192	0.5327869057655334
6193	0.9189189076423645
6195	0.6343283653259277
6196	1.0
6197	0.9850746393203735
6198	1.0
6199	1.0
6200	1.0
6201	0.7344632744789124
6202	0.8290598392486572
6203	1.0
6205	1.0
6206	0.10408922284841537
6207	0.09090909361839294
6214	0.1818181872367859
6215	0.2046632170677185
6216	1.0
6218	0.008928571827709675
6219	0.3827160596847534
6221	1.0
6222	0.2971014380455017
6228	0.08620689809322357
6229	0.6627218723297119
6231	0.6296296119689941
6232	1.0
6233	0.8783783912658691
6234	0.7093023061752319
6235	1.0
6236	0.9583333134651184
6237	0.59375
6238	0.9826086759567261
6239	1.0
6240	0.11764705926179886
6241	0.23188406229019165
6246	0.03846153989434242
6248	0.2666666805744171
6249	1.0
6250	0.9679999947547913
6251	1.0
6252	0.41860464215278625
6253	1.0
6254	1.0
6255	1.0
6256	0.47354498505592346
6257	1.0
6259	1.0
6269	0.04147465527057648
6271	0.5822784900665283
6272	1.0
6273	1.0
6274	1.0
6275	0.2554347813129425
6277	0.017621144652366638
6302	0.5179855823516846
6306	0.05833333358168602
6307	0.7777777910232544
6308	0.07692307978868484
6320	0.00872093066573143
6322	0.6326530575752258
6323	1.0
6324	0.942307710647583
6325	1.0
6328	0.2876712381839752
6329	0.34022989869117737
6330	0.08441558480262756
6333	0.2565445005893707
6334	0.07434944063425064
6337	0.04219409450888634
6338	1.0
6339	0.1160493791103363
6342	0.19512194395065308
6346	0.219730943441391
6347	0.034682080149650574
6348	0.9589040875434875
6349	0.11356467008590698
6355	0.6312500238418579
6356	0.8233333230018616
6358	0.8697317838668823
6360	0.009615384973585606
6361	0.19730941951274872
6364	0.9473684430122375
6381	0.30693069100379944
6385	0.9609375
6392	0.017543859779834747
6399	0.019607843831181526
6411	0.20769231021404266
6414	0.609929084777832
6417	0.6574074029922485
6420	0.3496503531932831
6422	1.0
6423	1.0
6427	0.6899999976158142
6431	0.5808823704719543
6451	0.7138728499412537
6454	0.5512820482254028
6457	0.3760683834552765
6472	0.20661157369613647
6473	0.2565445005893707
6477	1.0
6479	0.004048583097755909
6481	0.04878048598766327
6484	0.027522936463356018
6490	0.31578946113586426
6494	0.2237762212753296
6502	0.9741379022598267
6509	0.9700000286102295
6515	0.1034482792019844
6520	0.03921568766236305
6521	0.9468085169792175
6528	0.9200000166893005
6534	0.3452380895614624
6543	0.1666666716337204
6558	0.060975611209869385
6560	0.0074349441565573215
6561	0.4612676203250885
6564	0.5116279125213623
6565	0.8556700944900513
6567	0.02527075819671154
6571	0.7247999906539917
6572	0.09090909361839294
6573	0.018292682245373726
6574	0.6727272868156433
6575	0.7591742873191833
6577	1.0
6580	0.6775362491607666
6582	0.6973684430122375
6583	0.9914529919624329
6584	0.00800000037997961
6585	0.07668711990118027
6586	0.010416666977107525
6587	0.6496673822402954
6588	0.4000000059604645
6589	0.12962962687015533
6591	0.08418367058038712
6592	0.16094987094402313
6593	0.8021390438079834
6594	0.5841121673583984
6595	0.8130081295967102
6600	0.49473685026168823
6602	0.9459459185600281
6603	1.0
6604	0.15050166845321655
6606	0.04736842215061188
6609	1.0
6610	0.10857142508029938
6611	0.09900990128517151
6612	0.1683168262243271
6613	0.12201591581106186
6616	0.9285714030265808
6617	0.012552301399409771
6618	0.44565218687057495
6619	0.028985507786273956
6621	0.7338935732841492
6622	0.2977527976036072
6623	0.23899370431900024
6624	0.014705882407724857
6625	0.004991680383682251
6628	0.9230769276618958
6629	1.0
6631	0.29629629850387573
6634	0.29032257199287415
6657	0.6456953883171082
7020	0.05042016878724098
7028	0.4470588266849518
7029	0.6585366129875183
7030	0.5316455960273743
7031	1.0
7032	1.0
7033	1.0
7034	1.0
7035	1.0
7036	1.0
7037	1.0
7038	1.0
7039	1.0
7040	0.8797468543052673
7041	0.0476190485060215
7043	0.01342281885445118
7051	0.4057142734527588
7052	0.349693238735199
7053	1.0
7054	1.0
7055	0.9811320900917053
7056	1.0
7057	1.0
7058	1.0
7059	1.0
7060	1.0
7061	0.3186003565788269
7064	0.9939393997192383
7066	0.05737704783678055
7068	1.0
7069	1.0
7070	0.9754253029823303
7071	0.7551867365837097
7072	0.2153846174478531
7076	0.14473684132099152
7077	0.18981482088565826
7078	0.8805460929870605
7079	0.23823529481887817
7080	1.0
7081	0.8280632495880127
7082	1.0
7083	1.0
7084	0.48674243688583374
7085	0.15809524059295654
7086	0.00800000037997961
7090	0.04198473319411278
7091	0.22614841163158417
7092	0.577049195766449
7093	1.0
7094	0.995275616645813
7095	1.0
7096	1.0
7097	1.0
7098	1.0
7099	1.0
7100	0.10810811072587967
7101	0.8601036071777344
7103	0.18897637724876404
7109	0.07848101109266281
7111	0.14166666567325592
7112	0.9952830076217651
7113	1.0
7114	1.0
7115	1.0
7116	1.0
7117	1.0
7118	1.0
7119	1.0
7120	1.0
7121	1.0
7122	1.0
7123	1.0
7124	0.0535714291036129
7125	0.37974682450294495
7213	0.0036231884732842445
7216	0.8515625
7217	0.8486238718032837
7218	0.8415094614028931
7219	1.0
7220	1.0
7221	0.8543956279754639
7222	0.9243028163909912
7223	0.0034782609436661005
7228	0.41846153140068054
7233	0.3509615361690521
7234	0.06818182021379471
7235	0.18367347121238708
7236	1.0
7237	1.0
7238	1.0
7239	1.0
7240	1.0
7241	0.5221238732337952
7242	1.0
7243	1.0
7244	0.09561753273010254
7245	0.05118110403418541
7246	0.8666666746139526
7247	0.1111111119389534
7248	0.03404255211353302
7258	0.7272727489471436
7259	0.3919999897480011
7260	0.7431421279907227
7265	0.3457943797111511
7266	0.31712472438812256
7267	1.0
7268	0.6558558344841003
7269	1.0
7270	1.0
7346	0.20895522832870483
7347	1.0
7348	1.0
7349	1.0
7350	0.2142857164144516
7353	0.029619181528687477
7355	0.017660044133663177
7356	0.2593250572681427
7359	0.16725978255271912
7360	0.2842998504638672
7362	0.1428571492433548
7363	0.003759398590773344
7366	0.018561484292149544
7367	0.6279761791229248
7369	0.2550675570964813
7371	0.06976744532585144
7372	0.84375
7376	0.8152793645858765
7378	0.8907563090324402
7379	1.0
7381	0.23417721688747406
7383	0.7279151678085327
7385	0.2636655867099762
7387	0.0441988967359066
7388	0.06976744532585144
7390	0.08189655095338821
7391	0.47826087474823
7392	0.6526315808296204
7393	0.9895012974739075
7394	0.834782600402832
7396	0.15343914926052094
7397	0.14487633109092712
7398	1.0
7399	1.0
7401	0.0833333358168602
7402	0.36054420471191406
7403	1.0
7404	1.0
7406	0.654321014881134
7408	1.0
7409	1.0
7410	0.42424243688583374
7412	0.2800000011920929
7414	0.0023041474632918835
7417	0.8448275923728943
7418	0.022727273404598236
7420	0.1312384456396103
7421	0.904315173625946
7422	0.5939226746559143
7423	0.8913043737411499
7424	0.9753694534301758
7430	0.0677083358168602
7434	1.0
7435	1.0
7436	1.0
7437	1.0
7438	0.15671642124652863
7441	0.17610062658786774
7445	0.0057142856530845165
7447	0.9503759145736694
7450	0.14678898453712463
7451	0.38422390818595886
7452	0.23664122819900513
7458	0.7989130616188049
7460	1.0
7461	0.5517241358757019
7466	1.0
7467	0.1302170306444168
7469	1.0
7470	1.0
7471	0.7761194109916687
7477	0.34659090638160706
7478	0.7947019934654236
7480	1.0
7482	1.0
7483	1.0
7485	0.7333333492279053
7486	0.0021413275972008705
7488	1.0
7489	1.0
7495	0.10638298094272614
7500	0.7431192398071289
7507	0.07236842066049576
7530	0.06122449040412903
7534	0.0703125
7555	0.07960198819637299
7581	0.05319149047136307
7592	0.01652892492711544
7593	0.995555579662323
7597	0.1589958220720291
7600	0.36800000071525574
7617	0.054794520139694214
7622	0.3380281627178192
7626	0.197247713804245
7632	0.0043668122962117195
7633	0.01336302887648344
7635	0.1651376187801361
7637	0.062745101749897
7646	0.104347825050354
7647	0.23413896560668945
7652	0.005847953259944916
7655	0.8765432238578796
7656	1.0
7657	0.837837815284729
7659	1.0
7660	0.4317343235015869
7662	0.34730538725852966
7663	0.3931034505367279
7669	0.7943925261497498
7672	0.3333333432674408
7673	0.9954338073730469
7677	0.018041236326098442
7678	0.9918699264526367
7682	0.9323843121528625
7683	0.9508196711540222
7688	0.07352941483259201
7689	0.04926108196377754
7691	0.4741935431957245
7694	0.8152610659599304
7697	1.0
7699	0.08130080997943878
7701	1.0
7703	1.0
7705	0.10450450330972672
7707	0.05089820176362991
7708	0.6178217530250549
7713	0.0441988967359066
7714	1.0
7716	0.8558558821678162
7718	1.0
7719	1.0
7720	0.8758620619773865
7721	1.0
7722	0.40645161271095276
7724	0.07500000298023224
7726	1.0
7729	1.0
7730	0.10059171915054321
7731	0.04827586188912392
7737	1.0
7740	0.04848484694957733
7751	0.005141388159245253
7754	0.4444444477558136
7757	0.3062330484390259
7758	0.19178082048892975
7760	0.2888889014720917
7761	0.45495495200157166
7764	0.0422535203397274
7766	0.3829457461833954
7767	0.056179776787757874
7768	0.1352112740278244
7769	0.09313725680112839
7770	0.7549406886100769
7815	0.005319148767739534
8018	1.0
8019	1.0
8020	1.0
8021	1.0
8022	0.8571428656578064
8023	1.0
8025	1.0
8026	1.0
8027	1.0
8029	1.0
8030	0.2866666615009308
8031	1.0
8032	0.8183333277702332
8033	1.0
8035	0.6354680061340332
8037	0.04590163752436638
8038	0.6185185313224792
8040	0.22077922523021698
8042	0.0762711837887764
8043	0.9781022071838379
8044	0.24626865983009338
8046	1.0
8047	0.9906542301177979
8048	0.12345679104328156
8049	1.0
8050	1.0
8052	0.6291390657424927
8054	1.0
8057	1.0
8058	0.2513812184333801
8061	1.0
8062	0.7633333206176758
8063	0.1833910048007965
8065	0.8404255509376526
8067	0.21756486594676971
8068	0.31168830394744873
8069	0.9903846383094788
8070	0.07199999690055847
8071	0.8152610659599304
8094	0.24786324799060822
8095	1.0
8096	0.9866666793823242
8098	1.0
8099	1.0
8101	1.0
8104	0.969565212726593
8105	0.09633027762174606
8106	0.7734375
8107	0.7079645991325378
8109	1.0
8111	1.0
8112	1.0
8113	1.0
8114	1.0
8115	0.9599999785423279
8118	0.4938271641731262
8123	1.0
8125	0.844192624092102
8128	0.19254659116268158
8129	0.03759398311376572
8130	1.0
8131	0.9936908483505249
8132	0.507317066192627
8133	0.4442148804664612
8134	0.5480226278305054
8136	0.011594203300774097
8137	0.019283747300505638
8138	0.0835820883512497
8139	1.0
8140	0.9550561904907227
8141	1.0
8142	1.0
8143	0.15810276567935944
8145	1.0
8147	0.04639175161719322
8148	0.18018017709255219
8151	0.2312925159931183
8153	0.10000000149011612
8154	0.09580838680267334
8155	0.22368420660495758
8157	0.034682080149650574
8158	0.40526315569877625
8163	0.02500000037252903
8164	0.3410404622554779
8165	0.29073482751846313
8166	0.19858156144618988
8169	0.05747126415371895
8170	0.36119404435157776
8171	0.027397260069847107
8172	1.0
8175	0.609929084777832
8177	0.8500000238418579
8178	0.5571428537368774
8180	0.03669724613428116
8182	0.014705882407724857
8183	0.9266055226325989
8185	1.0
8186	0.959770143032074
8188	0.06211180239915848
8189	0.9595141410827637
8191	0.15804597735404968
8193	1.0
8194	1.0
8195	0.837837815284729
8197	0.8707482814788818
8198	0.9855072498321533
8199	0.017467249184846878
8200	0.9724770784378052
8201	1.0
8202	0.00954653974622488
8203	0.0904255285859108
8204	1.0
8206	0.005181347019970417
8207	1.0
8210	0.02459016442298889
8211	0.17218543589115143
8212	0.46875
8214	0.2657342553138733
8215	0.9879032373428345
8216	0.2278480976819992
8219	0.9904761910438538
8220	0.8102409839630127
8223	0.36201781034469604
8224	0.00699300691485405
8225	0.09120520949363708
8226	0.6860759258270264
8227	0.21173469722270966
8232	0.20370370149612427
8233	0.024096384644508362
8235	0.09313725680112839
8236	0.9125000238418579
8237	1.0
8238	1.0
8239	0.2779783308506012
8246	0.0035335689317435026
8249	0.07857143133878708
8251	1.0
8253	0.26530611515045166
8257	0.35227271914482117
8258	0.875
8259	0.29680365324020386
8265	0.6282051205635071
8266	0.009259259328246117
8267	0.15555556118488312
8268	0.07786884903907776
8269	0.7721518874168396
8270	0.4486486613750458
8272	0.20000000298023224
8273	0.36000001430511475
8275	0.35849055647850037
8277	0.10687022656202316
8281	0.6173469424247742
8284	0.41025641560554504
8286	0.39024388790130615
8288	0.3052631616592407
8289	0.12437810748815536
8290	0.3272727131843567
8292	0.7900552749633789
8293	0.11258278042078018
8297	0.9698492288589478
8298	0.703125
8299	1.0
8300	0.10596026480197906
8301	0.03187251091003418
8303	1.0
8312	0.09090909361839294
8313	0.27927929162979126
8314	0.2561403512954712
8320	1.0
8325	0.01655629090964794
8327	1.0
8331	0.3160763084888458
8332	0.1909814327955246
8333	0.6727828979492188
8334	0.8105263113975525
8336	1.0
8340	0.9767441749572754
8341	0.13089005649089813
8342	0.2589927911758423
8343	0.6140350699424744
8344	1.0
8345	1.0
8347	0.02083333395421505
8348	0.2661290466785431
8349	1.0
8350	0.6771653294563293
8353	0.853210985660553
8355	0.32575756311416626
8356	0.3333333432674408
8357	0.18503937125205994
8358	0.4166666567325592
8360	0.2832244038581848
8362	0.022514071315526962
8369	0.1515151560306549
8370	0.0013908206019550562
8378	0.010810811072587967
8380	0.01066666655242443
8382	0.09815950691699982
8385	0.8780487775802612
8386	1.0
8387	1.0
8388	0.058510638773441315
8389	1.0
8390	0.8248847723007202
8391	0.03500000014901161
8392	1.0
8395	0.3103448152542114
8396	0.019108280539512634
8398	1.0
8399	1.0
8400	0.202816903591156
8401	0.13445378839969635
8403	0.6087912321090698
8404	0.8062015771865845
8406	0.5844155550003052
8408	0.02678571455180645
8410	0.5728155374526978
8411	0.1489361673593521
8414	0.4216216206550598
8417	0.3710407316684723
8420	0.17351597547531128
8428	0.593406617641449
8439	0.013333333656191826
8441	0.8865979313850403
8443	0.9496855139732361
8444	0.8418367505073547
8445	1.0
8446	0.09278350323438644
8449	0.8847583532333374
8450	0.5363636612892151
8452	1.0
8453	0.4324324429035187
8454	1.0
8455	0.9750000238418579
8456	0.673758864402771
8457	0.014925372786819935
8461	0.020408162847161293
8462	0.35323384404182434
8470	0.14767932891845703
8471	1.0
8472	0.1150442510843277
8473	0.3360655605792999
8474	0.3162393271923065
8475	0.06666667014360428
8484	0.9318181872367859
8485	0.761904776096344
8488	0.5470852255821228
8489	1.0
8490	1.0
8491	0.8892857432365417
8492	1.0
8493	0.8504672646522522
8495	0.22727273404598236
8496	0.2442748099565506
8498	0.011428571306169033
8500	0.04095563292503357
8501	0.39523810148239136
8502	0.38655462861061096
8503	0.02734375
8504	0.029279278591275215
8505	0.4262295067310333
8506	0.5531914830207825
8511	1.0
8515	0.9191176295280457
8517	0.4536082446575165
8518	0.21875
8519	0.14012739062309265
8521	0.8591549396514893
8522	0.24778760969638824
8523	0.9642857313156128
8524	0.3650793731212616
8525	0.7663934230804443
8526	0.8690476417541504
8528	0.1428571492433548
8529	0.017045455053448677
8530	0.16352201998233795
8534	1.0
8535	0.31343284249305725
8539	0.0902777761220932
8540	0.08494208753108978
8541	1.0
8542	0.966292142868042
8544	0.03401360660791397
8545	1.0
8547	0.02631578966975212
8548	0.40909090638160706
8549	0.5561797618865967
8550	0.4833333194255829
8552	1.0
8554	0.08040200918912888
8556	1.0
8558	1.0
8559	0.02298850566148758
8561	1.0
8562	0.7749999761581421
8563	0.699999988079071
8564	0.011834319680929184
8567	0.988095223903656
8569	0.3199999928474426
8576	0.46268656849861145
8577	0.24778760969638824
8578	0.7966805100440979
8579	0.8374999761581421
8580	1.0
8582	1.0
8583	0.1428571492433548
8584	0.2612612545490265
8585	0.17910447716712952
8586	0.11737088859081268
8587	0.13725490868091583
8588	1.0
8655	1.0
8656	0.9529411792755127
8657	0.8390804529190063
8693	0.06896551698446274
8695	0.692307710647583
8697	0.977011501789093
8701	0.5555555820465088
8702	0.7323943376541138
8703	0.6833333373069763
9109	0.19543974101543427
9173	0.013888888992369175
9315	1.0
9326	0.9152542352676392
9341	0.521212100982666
9347	0.03703703731298447
9354	0.21875
47469	0.03999999910593033
47471	0.40909090638160706
47472	1.0
47475	1.0
47476	0.1621621549129486
47478	0.29032257199287415
47481	0.9719626307487488
47487	0.17985612154006958
47488	0.508474588394165
47489	0.054054055362939835
47490	0.7658536434173584
47493	0.041322313249111176
47494	0.5
47497	0.14792899787425995
47498	1.0
47499	1.0
47502	0.23756906390190125
47516	0.7052023410797119
47640	0.016806723549962044
47641	0.11538461595773697
47645	0.18987341225147247
47646	0.4166666567325592
47648	1.0
47652	1.0
47653	0.07692307978868484
47656	1.0
47659	0.4517543911933899
47661	0.07201646268367767
47664	0.19796954095363617
47665	0.3442623019218445
47666	0.01807228848338127
47669	1.0
47671	0.06400000303983688
47673	1.0
47676	0.125
47677	0.37931033968925476
47678	1.0
47679	0.9444444179534912
47681	0.1197916641831398
47686	1.0
47690	1.0
47691	0.9117646813392639
47697	1.0
47699	1.0
47700	0.042553190141916275
47706	0.5185185074806213
47710	0.4507042169570923
47712	0.014925372786819935
47713	0.9685039520263672
47714	0.32307693362236023
47715	0.8611111044883728
47716	1.0
47810	0.1587301641702652
48557	0.29394811391830444
48565	0.22310757637023926
48571	1.0
48727	1.0
48728	0.9680851101875305
48731	1.0
48732	0.772357702255249
48733	1.0
48735	1.0
48736	1.0
48737	1.0
48743	1.0
48745	1.0
48747	0.01923076994717121
48749	1.0
48750	0.06950672715902328
48752	1.0
48754	1.0
48758	0.9821428656578064
48781	0.34210526943206787
48785	1.0
48786	1.0
48787	1.0
48788	0.99303138256073
48789	1.0
48790	0.7114093899726868
50102	0.8562091588973999
50103	0.003968254197388887
50105	0.5777778029441833
50110	0.34161490201950073
50112	0.41206029057502747
50113	1.0
50114	1.0
50115	0.092261902987957
50116	1.0
50117	1.0
50129	0.008670520037412643
50130	0.6666666865348816
50131	0.44736841320991516
50132	0.341085284948349
51246	0.009216589853167534
51249	0.028169013559818268
51250	0.885496199131012
51251	0.6666666865348816
51252	0.2935323417186737
51253	1.0
51254	0.36421725153923035
51255	0.14666666090488434
51256	1.0
51257	0.9968944191932678
51258	1.0
51259	0.9775280952453613
51260	1.0
51261	0.11267605423927307
51262	1.0
51263	0.9443155527114868
51264	0.4392523467540741
51272	0.5494505763053894
51274	0.021897809579968452
51278	0.6629834175109863
51283	0.680911660194397
51284	0.26923078298568726
51289	0.02641509473323822
51290	0.002624671906232834
51291	0.002336448524147272
51292	0.5476718544960022
51293	1.0
51294	0.9640883803367615
51295	1.0
51296	0.8007518649101257
51297	1.0
51298	1.0
51299	1.0
51300	0.39429929852485657
51301	1.0
51302	0.8599033951759338
51303	1.0
51304	0.9090909361839294
51305	0.8745098114013672
51306	0.0041841003112494946
51307	0.005494505632668734
51308	0.5724381804466248
51309	0.5519713163375854
51323	0.04123711213469505
51326	0.04605263099074364
51329	0.2769230902194977
51332	0.4135020971298218
51333	0.18577075004577637
51337	0.03084832988679409
51338	0.4790874421596527
51343	0.9655172228813171
51346	0.11839323490858078
51348	0.39436620473861694
51368	0.012500000186264515
51370	0.023255813866853714
51372	1.0
51373	0.7129186391830444
51380	0.08641975373029709
51382	0.0042553190141916275
51399	0.32159623503685
51400	0.39080458879470825
51402	0.0037174720782786608
51403	0.6200000047683716
51404	1.0
51405	0.4972776770591736
51406	0.9876543283462524
51407	0.03818615898489952
51409	1.0
51411	0.7865853905677795
51415	0.5027933120727539
51418	0.08259586989879608
51419	1.0
51420	1.0
51421	1.0
51422	1.0
51424	0.8554216623306274
51425	0.24755699932575226
51426	1.0
51430	1.0
51431	0.591304361820221
51433	1.0
51434	1.0
51436	1.0
51437	1.0
51439	0.7682403326034546
51440	1.0
51441	0.044871795922517776
51442	1.0
51443	0.17297297716140747
51445	0.0178217813372612
51446	0.6898733973503113
51447	0.3820224702358246
51448	0.426086962223053
51449	0.5096153616905212
51451	0.007633587811142206
51469	0.048969071358442307
51471	0.029999999329447746
51473	0.034267913550138474
51476	0.5133531093597412
51516	0.026217227801680565
51517	0.04040404036641121
51518	0.40625
51519	0.0030487803742289543
51520	0.7286245226860046
51521	0.3214285671710968
51523	0.8412162065505981
51525	0.1111111119389534
51555	1.0
51556	0.994413435459137
51557	1.0
51559	0.019920319318771362
51561	0.8828828930854797
51563	0.2631579041481018
51564	0.3990024924278259
51565	0.7897436022758484
51567	0.005494505632668734
51583	0.008565310388803482
51584	0.6210873126983643
51585	1.0
51587	0.8576158881187439
51588	1.0
51589	1.0
51590	1.0
51591	0.9551281929016113
51592	1.0
51593	0.5451263785362244
51595	1.0
51598	1.0
51599	1.0
51600	1.0
51601	1.0
51602	0.07786884903907776
51603	0.3451327383518219
51604	0.6329479813575745
51605	0.5096418857574463
51609	1.0
51610	1.0
51615	0.16239316761493683
51617	0.19884170591831207
51618	0.9769230484962463
51619	1.0
51620	0.8687664270401001
51622	1.0
51623	1.0
51624	0.019480518996715546
51625	0.9820144176483154
51626	1.0
51627	0.369047611951828
51628	1.0
51629	0.7625570893287659
51631	1.0
51632	1.0
51633	1.0
51635	0.9842932224273682
51636	0.9889196753501892
51637	0.9895833134651184
51638	1.0
51639	0.6524389982223511
51640	0.03867403417825699
51641	0.7878788113594055
51643	0.23369565606117249
51660	0.7044335007667542
51663	0.4159291982650757
51665	0.8695651888847351
51667	0.10150375962257385
51669	0.5696721076965332
51676	0.3504672944545746
51680	0.009433962404727936
51684	0.0069444444961845875
51694	0.18881118297576904
51695	0.015306122601032257
51698	0.004032257944345474
51699	0.1184210553765297
51701	1.0
51703	1.0
51704	0.17587940394878387
51707	1.0
51710	0.3142857253551483
51713	0.7940691709518433
51714	0.18874172866344452
51726	0.38604649901390076
51727	0.013539651408791542
51731	0.5011764764785767
51734	0.025925925001502037
51735	0.8414239287376404
51736	1.0
51737	1.0
51739	0.019354838877916336
51740	0.46692606806755066
51741	0.6650485396385193
51743	0.6424958109855652
51744	0.562841534614563
51745	1.0
51747	0.9680851101875305
51748	1.0
51752	0.11307420581579208
51753	0.09216590225696564
51755	0.007312614470720291
51766	0.2638888955116272
51770	0.23296354711055756
51771	0.09302325546741486
51773	0.9556650519371033
51774	0.7405405640602112
51776	0.018134715035557747
51777	1.0
51779	1.0
51780	0.4000000059604645
51781	0.17391304671764374
51782	0.08795411139726639
51783	0.7701863646507263
51784	1.0
51785	0.9425287246704102
51786	0.23573200404644012
51787	1.0
51788	1.0
51789	1.0
51790	1.0
51791	1.0
51792	0.1683168262243271
51793	0.47183099389076233
51794	0.6556776762008667
51795	1.0
51796	1.0
51797	0.7941952347755432
51798	0.9823529124259949
51799	0.8389830589294434
51800	0.08943089097738266
51802	0.3444976210594177
51817	1.0
51821	0.1643453985452652
51825	0.4928571283817291
51829	1.0
51831	1.0
51834	0.9790475964546204
51839	0.019685039296746254
51841	0.029535865411162376
51846	0.18541033565998077
51847	0.0039840638637542725
51849	0.2771618664264679
51851	0.6346604228019714
51855	0.410526305437088
51857	1.0
51858	0.6217228174209595
51859	1.0
51860	0.9967741966247559
51863	1.0
51865	0.9430605173110962
51866	0.1435643583536148
51868	1.0
51869	1.0
51872	1.0
51873	0.2586206793785095
51875	0.4665071666240692
51876	0.2771739065647125
51889	0.12796208262443542
51891	0.1785714328289032
51902	0.5487805008888245
51903	0.0903225839138031
51905	0.6724137663841248
51906	0.7786259651184082
51907	0.35499998927116394
51985	1.0
51986	1.0
51988	1.0
51989	0.9881889820098877
51990	0.8461538553237915
51992	0.621874988079071
51993	1.0
51994	1.0
51997	1.0
51998	1.0
52000	0.16487455368041992
52002	0.9441489577293396
52003	0.6344085931777954
52007	0.4752066135406494
52008	0.38999998569488525
52025	0.21705426275730133
52026	0.42553192377090454
52028	0.6241610646247864
52030	0.6600000262260437
52031	0.7314285635948181
52032	0.020253164693713188
52034	1.0
52036	1.0
52039	1.0
52040	0.2643051743507385
52041	0.7886598110198975
52042	0.3266666531562805
52043	0.20779220759868622
52044	0.3700000047683716
52047	0.06276150792837143
52048	0.4047619104385376
52049	1.0
52051	0.10619468986988068
52053	1.0
52054	1.0
52057	0.18241041898727417
52059	0.05744125321507454
52060	0.4449760913848877
52063	1.0
52065	0.17004048824310303
52068	0.8888888955116272
52069	0.23787528276443481
52077	0.9274448156356812
52078	0.6089552044868469
52079	1.0
52080	0.9950248599052429
52081	1.0
52082	1.0
52083	1.0
52084	1.0
52085	0.2415841519832611
52086	1.0
52087	1.0
52088	0.2278480976819992
52089	0.9772727489471436
52090	0.08988764137029648
52096	0.12871287763118744
52097	0.7342857122421265
52098	1.0
52099	1.0
52100	1.0
52101	0.36094674468040466
52102	1.0
52103	0.9615384340286255
52104	0.0876777246594429
52105	0.1076604574918747
52106	0.21212121844291687
52107	0.01986755058169365
52115	1.0
52123	0.6279069781303406
52125	0.6442307829856873
52131	0.1927374303340912
52133	0.03947368264198303
52134	0.28723403811454773
52135	0.19194312393665314
52136	1.0
52139	1.0
52140	0.7911646366119385
52143	1.0
52144	1.0
52146	0.6071428656578064
52147	1.0
52148	1.0
52149	1.0
52152	1.0
52153	0.2881944477558136
52211	0.5790884494781494
52521	1.0
52522	0.44781145453453064
52523	1.0
52526	1.0
52527	1.0
52528	1.0
52529	1.0
52531	1.0
52532	0.10599078238010406
52534	0.9614148139953613
52535	0.8554216623306274
52536	0.9591001868247986
52538	0.1334332823753357
52553	0.10266940295696259
52555	0.6603773832321167
52561	1.0
52562	0.8441558480262756
52564	0.9163089990615845
52565	0.8571428656578064
52566	1.0
52568	1.0
52570	0.8645533323287964
52571	0.2266187071800232
52572	1.0
52574	1.0
52575	1.0
52576	0.40707963705062866
52583	0.4776536226272583
52584	0.09302325546741486
52585	1.0
52586	0.24468085169792175
52587	1.0
52588	1.0
52589	1.0
52590	0.42718446254730225
52593	1.0
52753	0.5044642686843872
52835	0.8489208817481995
52837	1.0
52838	0.4736842215061188
52840	1.0
52843	1.0
52844	0.9814814925193787
52846	0.13533835113048553
52847	1.0
52848	1.0
52849	1.0
52850	0.04651162773370743
52851	0.07692307978868484
52852	0.85326087474823
52854	1.0
52856	0.9365853667259216
52857	1.0
52858	0.3576388955116272
52861	0.8260869383811951
52862	0.11489361524581909
52863	0.7914893627166748
52864	0.15000000596046448
52868	0.550000011920929
52870	0.16863904893398285
52871	0.11313868314027786
52877	0.7272727489471436
52878	0.35793358087539673
52879	0.11290322244167328
52890	0.03393665328621864
52894	0.10116731375455856
52954	0.3791821599006653
52956	0.009999999776482582
52958	0.10104529559612274
52962	0.6734693646430969
52963	0.03947368264198303
53336	0.1341852992773056
53339	0.12621359527111053
53406	1.0
53414	0.7669039368629456
53415	0.8045685291290283
53417	0.19554030895233154
53418	0.96875
53661	0.07045454531908035
53666	0.9379310607910156
53670	0.14016172289848328
53675	0.8426229357719421
53688	0.6411290168762207
55197	0.004878048785030842
55204	0.2068965584039688
55205	0.9933775067329407
55206	0.9212121367454529
55207	0.9136690497398376
55208	1.0
55209	0.0765957459807396
55210	1.0
55211	1.0
55212	1.0
55213	1.0
55214	0.5111111402511597
55215	0.062295082956552505
55216	0.9928825497627258
55217	1.0
55218	1.0
55219	0.14527027308940887
55221	1.0
55222	0.0833333358168602
55223	0.7878788113594055
55224	0.5270758271217346
55225	0.28735631704330444
55226	0.03750000149011612
55227	1.0
55228	0.9942857027053833
55229	1.0
55231	1.0
55232	1.0
55233	0.2511415481567383
55234	1.0
55236	0.40816327929496765
55237	1.0
55238	1.0
55239	0.9792531132698059
55240	1.0
55242	0.7058823704719543
55243	0.20129869878292084
55244	0.05291005223989487
55245	0.9427609443664551
55246	0.4035476744174957
55250	0.010989011265337467
55262	0.5106382966041565
55263	0.8359375
55264	0.8651911616325378
55265	0.25925925374031067
55266	1.0
55267	1.0
55268	1.0
55269	1.0
55270	0.0502283088862896
55271	0.8395721912384033
55272	0.7368420958518982
55273	0.961904764175415
55276	0.8793103694915771
55277	1.0
55278	1.0
55279	0.09090909361839294
55280	1.0
55282	1.0
55284	0.9469696879386902
55286	1.0
55287	1.0
55288	0.34090909361839294
55289	0.9830508232116699
55293	1.0
55294	0.05970149114727974
55296	0.7905405163764954
55297	0.6727272868156433
55298	1.0
55300	0.739130437374115
55305	0.43589743971824646
55308	0.8552036285400391
55313	0.32824426889419556
55314	1.0
55317	0.03743315488100052
55318	0.9693877696990967
55319	0.9035087823867798
55320	1.0
55321	0.6937500238418579
55322	1.0
55328	0.5245901346206665
55332	0.8604651093482971
55345	0.037425149232149124
55348	0.2721518874168396
55349	0.0833333358168602
55350	1.0
55351	0.7489361763000488
55352	0.1071428582072258
55353	1.0
55354	0.4480874240398407
55355	1.0
55356	1.0
55357	1.0
55358	1.0
55359	1.0
55360	0.9825581312179565
55361	1.0
55362	0.699999988079071
55363	0.01827676221728325
55364	0.3674698770046234
55365	0.3863636255264282
55366	1.0
55367	0.5136363506317139
55368	0.7801418304443359
55370	1.0
55371	0.9666666388511658
55372	1.0
55373	1.0
55374	0.7520661354064941
55375	0.6623656153678894
55377	0.18686868250370026
55384	0.017543859779834747
55388	1.0
55390	1.0
55391	1.0
55392	1.0
55393	1.0
55394	0.9912280440330505
55395	1.0
55396	1.0
55397	1.0
55398	1.0
55399	0.8725489974021912
55400	1.0
55401	0.4166666567325592
55402	0.46666666865348816
55406	0.0025641026441007853
55407	0.12794612348079681
55423	0.3972911834716797
55427	1.0
55430	0.060150377452373505
55432	0.7652812004089355
55469	0.46405228972435
55473	0.6440678238868713
55474	0.8831169009208679
55475	0.4653465449810028
55476	0.09756097197532654
55477	0.720588207244873
55478	1.0
55479	0.6172839403152466
55480	1.0
55481	1.0
55482	0.709876537322998
55483	1.0
55484	0.28947368264198303
55485	1.0
55486	1.0
55487	0.7358490824699402
55488	0.13438735902309418
55489	0.8072289228439331
55490	0.5686274766921997
55492	0.10526315867900848
55506	0.3366141617298126
55509	0.030516432598233223
55510	0.8899082541465759
55511	0.9825174808502197
55513	0.899328887462616
55514	0.32608696818351746
55515	1.0
55516	1.0
55517	0.5584415793418884
55518	0.6041666865348816
55525	0.41322314739227295
55527	1.0
55535	1.0
55537	1.0
55542	0.29518070816993713
55551	0.5068492889404297
55567	1.0
55569	1.0
55570	1.0
55573	1.0
55574	1.0
55576	0.4268292784690857
55578	1.0
55581	0.9818181991577148
55582	0.7971698045730591
55586	0.4152046740055084
55594	0.3870967626571655
55596	0.4727272689342499
55599	0.43617022037506104
55606	0.015384615398943424
55607	1.0
55619	0.5098039507865906
55620	1.0
55621	1.0
55629	0.028169013559818268
55630	0.688524603843689
55632	1.0
55637	1.0
55638	1.0
55640	0.11931817978620529
55673	0.7424242496490479
55675	0.08799999952316284
55676	0.9452054500579834
55677	0.2804878056049347
55683	1.0
55684	0.9930555820465088
55685	0.33695653080940247
55688	1.0
55696	0.5302013158798218
55700	1.0
55705	1.0
55707	1.0
55708	0.930232584476471
55709	1.0
55713	0.21374045312404633
55714	1.0
55730	0.3553299605846405
55732	0.4285714328289032
55733	0.269565224647522
55734	1.0
55735	1.0
55736	0.7379310131072998
55737	1.0
55738	1.0
55739	1.0
55740	1.0
55813	0.4108352065086365
55818	0.022727273404598236
55823	0.9750000238418579
55831	0.07692307978868484
55836	0.27586206793785095
55837	0.5625
55840	0.7250000238418579
55841	0.03870967775583267
55843	1.0
55844	0.8034188151359558
55846	0.8793103694915771
55847	1.0
55850	1.0
55852	0.5388888716697693
55854	0.9508196711540222
55856	1.0
55859	0.1265822798013687
55860	1.0
55861	0.34052756428718567
55862	1.0
55864	1.0
55866	1.0
55867	1.0
55872	0.3214285671710968
55873	0.9959016442298889
55874	0.6785714030265808
55877	0.1764705926179886
55878	0.8938053250312805
55880	1.0
55881	1.0
55882	0.043478261679410934
55883	1.0
55884	1.0
55885	0.29629629850387573
55887	1.0
55890	0.9202898740768433
55891	1.0
55892	0.007936508394777775
55893	0.7315436005592346
55896	0.3606557250022888
55926	0.8914185762405396
55928	0.1627907007932663
55932	0.00909090880304575
55935	1.0
55940	0.6467065811157227
55941	0.1564885526895523
55975	0.5503355860710144
55976	0.41025641560554504
55977	1.0
55978	1.0
55979	0.8928571343421936
55980	0.09170305728912354
55982	0.963302731513977
55984	1.0
55985	1.0
55992	0.20000000298023224
55993	0.125
56067	0.3964497148990631
56069	0.6190476417541504
56070	0.984000027179718
56072	0.13469387590885162
56073	0.13005779683589935
56075	0.09615384787321091
56079	1.0
56083	0.7008547186851501
56085	0.06310679763555527
56087	0.9637305736541748
56088	0.045296166092157364
56091	1.0
56092	0.01293103490024805
56093	1.0
56094	0.8244680762290955
56095	0.9821428656578064
56096	0.2944444417953491
56097	0.0891089141368866
56098	0.30917873978614807
56099	0.4419642984867096
56102	0.327160507440567
56104	0.7850467562675476
56106	0.033898305147886276
56109	0.09770114719867706
56110	0.6545454263687134
56111	0.5081967115402222
56112	0.18300653994083405
56115	0.19801980257034302
56117	0.04237288236618042
56118	0.16338028013706207
56120	1.0
56122	0.02985074557363987
56167	0.11158798635005951
56180	0.05263157933950424
56184	0.8652482032775879
56188	0.23404255509376526
56191	1.0
56192	0.03030303120613098
56195	1.0
56197	0.3539094626903534
56198	1.0
56201	1.0
56205	0.5765027403831482
56207	0.557894766330719
56211	0.04597701132297516
56228	0.021276595070958138
56233	0.035971224308013916
56236	0.89952152967453
56237	0.0746268630027771
56244	0.04026845470070839
56246	0.016129031777381897
56247	0.35593220591545105
56248	0.05932203307747841
56249	0.477477490901947
56251	0.822429895401001
56254	0.7577639818191528
56257	0.12577319145202637
56258	1.0
56260	1.0
56261	0.8501628637313843
56262	1.0
56265	1.0
56266	1.0
56268	0.34656083583831787
56269	1.0
56270	1.0
56276	0.706250011920929
56277	0.06504064798355103
56278	0.9945799708366394
56279	0.4712643623352051
56280	0.03978779911994934
56281	1.0
56282	1.0
56283	1.0
56284	1.0
56318	0.058252427726984024
56319	0.9851852059364319
56320	0.8009259104728699
56321	1.0
56329	0.1709090918302536
56330	0.26491647958755493
56332	0.8875739574432373
56336	0.03703703731298447
56340	0.8448275923728943
56342	1.0
56352	0.1654135286808014
56353	0.2839506268501282
56354	0.8444444537162781
56355	1.0
56356	0.9278996586799622
56357	0.664383590221405
56358	0.08739496022462845
56360	0.9649122953414917
56361	1.0
56363	1.0
56364	0.8793103694915771
56365	0.07514450699090958
56371	0.7213114500045776
56372	0.4954128563404083
56375	0.8714285492897034
56376	1.0
56382	0.03030303120613098
56383	0.4691357910633087
56401	0.5959596037864685
56402	0.849056601524353
56403	0.8983050584793091
56405	0.16083915531635284
56503	1.0
56504	0.44117647409439087
56505	1.0
56506	1.0
56507	1.0
56508	1.0
56509	0.3255814015865326
56510	1.0
56511	1.0
56512	1.0
56513	1.0
56514	1.0
56515	1.0
56516	0.930232584476471
56517	1.0
56518	1.0
56519	0.36734694242477417
56520	1.0
56521	1.0
56522	1.0
56523	0.3482142984867096
56524	0.42268040776252747
56525	0.8571428656578064
56526	0.8518518805503845
56527	0.8101266026496887
56528	0.692307710647583
56764	1.0
56765	0.11290322244167328
56768	0.1946902722120285
56770	0.880382776260376
56773	0.6977777481079102
56774	0.0803571417927742
56775	0.06220095604658127
56791	0.2756756842136383
56792	0.095238097012043
56793	0.7264957427978516
56794	0.91756272315979
56796	1.0
56797	0.45045045018196106
56798	0.9923664331436157
56799	1.0
56800	1.0
56801	1.0
56802	0.3287671208381653
56803	0.008064515888690948
56804	1.0
56805	0.9518716335296631
56807	0.7908496856689453
56808	0.9801980257034302
56809	0.007407407276332378
56810	0.8409090638160706
56811	1.0
56812	0.07984790951013565
56814	0.3857142925262451
56815	0.3571428656578064
56816	0.07534246891736984
56818	0.143968865275383
56822	0.03658536449074745
56824	1.0
56825	0.963302731513977
56828	0.9926470518112183
56832	1.0
56834	0.14666666090488434
56839	1.0
56840	1.0
56842	1.0
56843	0.16417910158634186
56844	1.0
56847	1.0
56850	1.0
56851	1.0
56853	0.5192307829856873
56854	1.0
56858	1.0
56859	0.591160237789154
56863	1.0
56865	1.0
56866	1.0
57299	1.0
57300	0.328000009059906
57309	0.37142857909202576
58849	0.031779661774635315
58850	0.35775861144065857
59458	0.3537331819534302
59460	0.5264623761177063
59463	0.43729373812675476
59465	0.3523391783237457
59466	0.4423076808452606
59467	0.79347825050354
59468	0.12378640472888947
59471	0.2641221284866333
59473	0.0393013097345829
59474	0.6499999761581421
59475	0.008333333767950535
59476	0.11184210330247879
59478	0.12312312424182892
59481	0.6601941585540771
59483	0.1859504133462906
59484	1.0
59485	1.0
59486	1.0
59487	0.949999988079071
59488	0.14849624037742615
59489	0.20670391619205475
59491	0.04024145007133484
59492	0.00872093066573143
59494	0.8783504962921143
59495	0.29729729890823364
59497	0.1278538852930069
59498	0.3250825107097626
59500	0.059090908616781235
59505	0.6571428775787354
59506	0.3122529685497284
59507	0.6821428537368774
59509	0.7350835204124451
59512	0.774193525314331
59513	0.9956709742546082
59515	0.02083333395421505
59517	1.0
59518	0.2150537669658661
59520	1.0
59521	1.0
59522	0.767123281955719
59524	1.0
59525	0.8453038930892944
59526	1.0
59528	1.0
59529	0.22857142984867096
59530	1.0
59531	1.0
59532	1.0
59534	1.0
59535	0.9134615659713745
59536	0.5103734731674194
59538	1.0
59539	0.10169491171836853
59542	0.007936508394777775
59543	0.6962305903434753
59544	0.7298049926757812
59547	0.2956521809101105
59554	0.5353982448577881
59555	0.5843137502670288
59657	0.12295082211494446
59664	0.9259259104728699
59667	0.12396693974733353
59668	1.0
59670	0.3510971665382385
59671	0.0793650820851326
59673	1.0
59675	0.020304568111896515
59677	0.5346534848213196
59678	1.0
59681	0.911854088306427
59682	1.0
59684	1.0
59685	0.4732142984867096
59687	0.9299065470695496
59688	0.4070175290107727
59690	0.9404761791229248
59692	0.902877688407898
59693	0.9929078221321106
59695	0.7043010592460632
59696	0.0396825410425663
59699	0.4570637047290802
59708	1.0
59709	0.008456659503281116
59717	0.6451612710952759
59721	0.8775510191917419
59722	0.15416666865348816
59725	1.0
59731	0.09973753243684769
59732	1.0
59734	0.19718310236930847
59737	0.47058823704719543
59738	0.5902777910232544
59739	0.15021459758281708
59741	0.42889389395713806
59744	1.0
59745	0.9528301954269409
59746	0.5213675498962402
59750	1.0
59751	0.6153846383094788
59752	1.0
59753	0.034700315445661545
59754	1.0
59755	0.0397351011633873
59768	0.27272728085517883
59769	0.19565217196941376
59771	0.25
59772	1.0
59774	0.48691099882125854
59775	1.0
59779	1.0
59780	0.004166666883975267
59782	0.2668112814426422
59783	0.4482225775718689
59784	1.0
59785	0.9797570705413818
59786	0.13793103396892548
59789	0.7534562349319458
59792	0.22923588752746582
59793	1.0
59794	0.46964284777641296
59796	0.9200000166893005
59799	1.0
59802	0.828125
59803	1.0
59805	0.1034482792019844
59806	1.0
59807	0.08888889104127884
59809	0.9766082167625427
59810	1.0
59811	1.0
59812	0.7203791737556458
59813	1.0
59814	1.0
59815	1.0
59816	1.0
59818	0.03807106614112854
59820	0.6021841168403625
59821	1.0
59822	0.8035714030265808
59825	1.0
59826	1.0
59827	1.0
59828	1.0
59829	0.2291666716337204
59830	0.06481481343507767
59831	0.03614457696676254
59832	1.0
59833	0.4695121943950653
59834	1.0
59835	0.3128834366798401
59836	0.8833333253860474
59837	0.06285714358091354
60301	0.04991087317466736
60305	0.7441860437393188
60306	1.0
60307	0.6792114973068237
60308	0.1011904776096344
60309	1.0
60310	1.0
60312	0.9363957643508911
60342	0.5188118815422058
60345	0.8338815569877625
60346	0.8859649300575256
60347	0.7028985619544983
60348	0.018148820847272873
60349	0.11488673090934753
60353	0.33183857798576355
60354	0.4809286892414093
60355	0.09787233918905258
60359	0.588477373123169
60371	0.3607305884361267
60372	0.04273504391312599
60418	0.9203979969024658
60419	0.5918367505073547
60949	0.97773277759552
61171	0.0045045046135783195
61172	0.16151203215122223
61174	0.16700610518455505
61176	0.14159291982650757
61177	0.5234375
61178	1.0
61180	1.0
61183	1.0
61184	1.0
61185	0.6102564334869385
61186	1.0
61188	0.9527897238731384
61189	1.0
61190	1.0
61192	1.0
61193	0.18779343366622925
61194	0.745192289352417
61196	1.0
61197	0.6682242751121521
61198	1.0
61199	1.0
61201	1.0
61202	0.3789173662662506
61203	1.0
61204	0.034090910106897354
61207	0.1111111119389534
61209	0.5201465487480164
61212	0.5072463750839233
61217	0.07216494530439377
61226	0.05107526853680611
61230	0.5307262539863586
62556	0.1422155648469925
63390	0.5705645084381104
63391	0.9164969325065613
63392	0.75
63393	0.006872852332890034
63394	0.7515923380851746
63992	0.44062501192092896
63993	0.4421052634716034
69609	0.22499999403953552
69610	0.6460176706314087
69612	0.12903225421905518
69613	1.0
69617	0.9210526347160339
69618	0.03703703731298447
69627	0.041152264922857285
69629	0.3188405930995941
69630	0.8656716346740723
69633	0.047445256263017654
69635	0.7579250931739807
69638	1.0
69639	0.5976676344871521
69640	1.0
69928	1.0
69930	0.5454545617103577
69933	0.9350649118423462
69934	0.05298013240098953
69935	0.5248447060585022
69936	0.8020833134651184
69941	0.2717770040035248
69961	0.446153849363327
69962	0.7758620977401733
69964	0.7849462628364563
69965	0.1538461595773697
69967	1.0
69968	0.5964912176132202
69969	0.9119170904159546
69970	1.0
69974	0.16346153616905212
69975	0.7116279006004333
69976	0.13442623615264893
69977	0.08633093535900116
69978	0.11064717918634415
69979	1.0
69980	1.0
69981	1.0
69990	0.012903225608170033
69991	0.17000000178813934
69993	0.3358778655529022
69996	1.0
69997	1.0
70001	0.9152542352676392
70002	0.9724518060684204
70003	0.8737863898277283
70004	1.0
70005	1.0
70006	0.8217821717262268
70008	1.0
70010	0.1656050980091095
70011	1.0
70012	1.0
70013	1.0
70014	1.0
70016	1.0
70018	0.5508021116256714
70019	0.6139240264892578
70020	0.849372386932373
70021	0.7666666507720947
70038	0.15357142686843872
70041	0.5211267471313477
70042	0.7449209690093994
70045	0.9674418568611145
70046	1.0
70047	0.42892158031463623
70048	0.6836734414100647
70049	0.25
70050	1.0
70051	0.21657754480838776
70054	1.0
70056	1.0
70058	1.0
70059	0.036363635212183
70061	0.8661971688270569
70063	1.0
70064	0.4375
70066	1.0
70068	1.0
70070	0.15658363699913025
70075	0.4963325262069702
70076	0.3410404622554779
70080	0.010869565419852734
70804	1.0
70806	0.4054054021835327
70807	0.09036144614219666
70808	0.7200000286102295
70809	0.569343090057373
70812	0.5649717450141907
70814	0.0736842080950737
70816	0.20814479887485504
70819	0.0517241396009922
70827	0.9829545617103577
70829	0.02684563770890236
70833	0.014492753893136978
70835	0.4880000054836273
70838	0.02662721835076809
70842	0.24177949130535126
70843	1.0
70845	0.9428571462631226
70846	0.1818181872367859
70848	1.0
70851	0.07999999821186066
70852	1.0
70853	1.0
70855	1.0
70856	0.1505376398563385
70857	1.0
70858	0.17627118527889252
70860	0.11864406615495682
70861	0.07425742596387863
70862	0.5656565427780151
70863	0.2590909004211426
70871	0.25
70872	0.38461539149284363
70874	0.996363639831543
70875	1.0
70877	0.3050847351551056
70879	0.07929515093564987
70882	0.06586826592683792
70883	0.37142857909202576
70885	1.0
70887	0.012552301399409771
70888	0.011363636702299118
70889	1.0
70892	1.0
70893	0.3827160596847534
70894	1.0
70898	1.0
70902	0.15217390656471252
70904	1.0
70906	0.10948905348777771
70907	1.0
70909	1.0
70910	1.0
70913	1.0
70933	0.10526315867900848
70935	0.03846153989434242
70936	0.4590643346309662
70937	0.004728132393211126
70938	0.7283950448036194
70939	0.7978339195251465
70940	0.025641025975346565
70943	0.9940652847290039
70944	0.5034013390541077
70947	0.09290953725576401
70950	0.33415234088897705
70952	0.056886225938797
70953	0.014388489536941051
70954	0.48181816935539246
70956	0.9578713774681091
70957	0.26829269528388977
71022	0.3499999940395355
71023	0.21568627655506134
71025	0.02777777798473835
71027	0.44954127073287964
71038	0.7599999904632568
71039	0.9384615421295166
71040	1.0
71041	1.0
71042	1.0
71043	1.0
71044	0.6822429895401001
71097	0.04444444552063942
71496	0.9431279897689819
71499	1.0
71501	1.0
71503	0.47826087474823
71505	0.6254545450210571
71506	0.7664670944213867
71508	1.0
71509	0.2936508059501648
71510	0.18831168115139008
71511	0.9328858852386475
71512	0.125
71517	0.8028169274330139
71527	0.002710027154535055
71530	1.0
71532	0.21739129722118378
71537	0.3243243098258972
71538	0.9458598494529724
71628	0.0018975331913679838
71629	0.4047619104385376
71655	0.40366971492767334
71660	0.9656357169151306
71661	0.04411764815449715
71667	0.8427672982215881
71669	0.5276073813438416
71744	0.013513513840734959
71745	0.21238937973976135
72332	1.0
72333	1.0
72334	0.7947214245796204
72335	1.0
72336	1.0
72338	0.969924807548523
72339	1.0
72340	1.0
72341	1.0
72342	0.9906103014945984
72343	0.615160346031189
72344	0.8755760192871094
72345	1.0
72346	1.0
72347	1.0
72348	0.2048780471086502
72349	0.570135772228241
72350	0.3114035129547119
72352	0.4134078323841095
72360	0.23529411852359772
72364	0.39053255319595337
72365	0.6213592290878296
72374	0.0446428582072258
72377	0.04918032884597778
72381	0.054054055362939835
72383	0.017921147868037224
72389	0.3700234293937683
72396	0.7788944840431213
72397	1.0
72399	0.6833333373069763
72402	0.1756756752729416
73188	0.01785714365541935
73191	0.042553190141916275
73192	0.10869564861059189
73194	0.9101123809814453
73196	1.0
73197	0.009345794096589088
73198	1.0
73200	0.8562091588973999
73201	1.0
73203	0.7458333373069763
73204	1.0
73206	1.0
73207	1.0
73208	0.5510203838348389
73211	1.0
73212	1.0
73213	0.8853210806846619
73214	1.0
73215	1.0
73216	1.0
73217	1.0
73218	0.9944751262664795
73220	0.9748743772506714
73222	0.08943089097738266
73223	0.04237288236618042
73224	0.6857143044471741
73225	0.9098591804504395
73237	0.3274725377559662
73238	0.11428571492433548
73241	0.009433962404727936
73242	0.3357933461666107
73243	1.0
73244	0.8934426307678223
73247	0.7746478915214539
73252	1.0
73256	0.020460357889533043
73257	0.964102566242218
73259	1.0
73260	0.7167630195617676
73262	0.20506329834461212
73263	1.0
73268	0.025423727929592133
73270	0.9484127163887024
73271	0.4852941036224365
73272	1.0
73273	1.0
73278	1.0
73279	0.2393617033958435
73310	0.2473498284816742
73312	0.011520737782120705
73314	1.0
73315	0.15315315127372742
73316	0.1621621549129486
73317	1.0
73321	0.9347826242446899
73323	0.2222222238779068
73327	0.6000000238418579
73328	0.6101190447807312
73330	0.5813148617744446
73331	0.8333333134651184
73332	1.0
73333	1.0
73336	0.6163793206214905
73337	0.477477490901947
73338	0.49056604504585266
73340	0.985981285572052
73341	1.0
73342	0.04280155524611473
73343	1.0
73344	1.0
73346	0.03401360660791397
73347	1.0
73348	1.0
73350	0.6082473993301392
73352	0.5622119903564453
73358	0.9581589698791504
73359	0.19230769574642181
73360	1.0
73364	0.6604651212692261
73365	1.0
73366	1.0
73367	0.9642857313156128
73368	0.9377990365028381
73371	1.0
73372	1.0
73374	1.0
73375	0.1846153885126114
73376	0.40807175636291504
73378	1.0
73380	1.0
73381	0.6507936716079712
73382	1.0
73387	0.33707866072654724
73391	0.14492753148078918
73392	0.02247191034257412
73394	0.3488371968269348
73397	0.1339285671710968
73399	0.0359281450510025
73400	0.24539877474308014
73414	0.26739928126335144
73415	0.5575757622718811
73416	1.0
73417	1.0
73418	1.0
73420	0.01342281885445118
73422	0.8080000281333923
73424	0.04938271641731262
73437	1.0
73438	0.2761194109916687
73440	1.0
73441	1.0
73442	0.8821428418159485
73446	0.12616822123527527
73447	0.40625
73450	0.15625
73451	0.9696969985961914
73452	1.0
73459	1.0
73460	0.9391100406646729
73462	0.8226414918899536
73463	0.07515657693147659
73465	1.0
73466	1.0
73467	1.0
73468	0.3616557717323303
73469	0.9923076629638672
73471	0.9912790656089783
73472	0.02380952425301075
73474	0.07239819318056107
73476	0.3442623019218445
73477	0.1599999964237213
73479	0.5737704634666443
73480	0.39678284525871277
73483	0.35789474844932556
73484	1.0
73487	0.8488371968269348
73489	0.8140496015548706
73490	0.6222910284996033
73492	0.9843137264251709
73493	1.0
73495	0.9279279112815857
73496	0.5031847357749939
73497	1.0
73498	0.26582279801368713
73499	0.005319148767739534
73505	0.3478260934352875
73506	0.006329114083200693
73509	0.75
73512	0.10791366547346115
73515	0.027272727340459824
73518	0.15463916957378387
73519	1.0
73525	0.8240000009536743
73527	0.4054054021835327
73528	1.0
73529	0.7721518874168396
73530	0.3636363744735718
73534	0.02747252769768238
73540	0.2539682686328888
73543	1.0
73551	0.48176583647727966
73561	0.2656826674938202
73563	0.3172042965888977
73565	0.49152541160583496
73567	0.5621621608734131
73568	1.0
73569	1.0
73570	0.7566137313842773
73571	1.0
73572	0.4949832856655121
73573	1.0
73574	0.7091988325119019
73575	0.8989899158477783
73576	1.0
73578	0.6651375889778137
73579	1.0
73580	1.0
73581	1.0
73582	1.0
73584	1.0
73587	0.494047611951828
73589	0.161849707365036
73592	0.12075471878051758
73593	0.3333333432674408
73596	0.09646302461624146
73600	0.4000000059604645
73602	0.00800000037997961
73605	0.9811320900917053
73606	1.0
73608	1.0
73609	0.0791366919875145
73613	1.0
73614	0.7232142686843872
73616	1.0
73619	1.0
73620	0.08620689809322357
73624	0.04417670518159866
73625	0.2215568870306015
73626	1.0
73627	1.0
73628	1.0
73629	1.0
73632	1.0
73633	0.3422222137451172
73636	1.0
73637	0.9822485446929932
73640	1.0
73641	0.5632754564285278
73642	0.05338078364729881
73646	0.07614213228225708
73654	0.10928961634635925
73657	0.13636364042758942
73660	0.38359788060188293
73661	0.8785046935081482
73663	0.5714285969734192
73665	0.6333333253860474
73666	1.0
73669	1.0
73670	0.25
73671	1.0
73674	0.7706422209739685
73675	1.0
73676	1.0
73678	0.6785714030265808
73679	1.0
73683	1.0
73684	1.0
73686	0.18669527769088745
73687	1.0
73690	0.09302325546741486
73691	0.21978022158145905
73692	0.36752137541770935
73693	0.9736841917037964
73694	0.0202312134206295
73695	1.0
73696	0.9769230484962463
73697	1.0
73698	0.96875
73699	1.0
73700	1.0
73701	0.016286645084619522
73702	1.0
73703	1.0
73704	1.0
73705	0.3810623586177826
73706	1.0
73707	0.2933673560619354
73709	0.8775510191917419
73711	0.26567164063453674
73712	0.7631579041481018
73727	0.1621621549129486
73731	0.8728813529014587
73732	0.026119403541088104
73734	0.8881118893623352
73735	1.0
73736	0.015544041059911251
73739	0.5579196214675903
73741	0.4000000059604645
73743	0.5815384387969971
73745	0.1190476194024086
73747	0.6381909251213074
73748	0.054973822087049484
73749	0.5684210658073425
73752	0.3020833432674408
73756	0.9586777091026306
73757	1.0
73758	0.8921568393707275
73759	0.2222222238779068
73760	1.0
73761	1.0
73762	1.0
73763	0.7122302055358887
73764	1.0
73765	0.8312236070632935
73767	0.004651162773370743
73771	0.5303030014038086
73774	0.22196261584758759
73775	0.40909090638160706
73777	1.0
73779	0.11891891807317734
73781	0.007874015718698502
73782	1.0
73783	0.8736263513565063
73785	1.0
73786	0.8791208863258362
73789	1.0
73790	0.4761904776096344
73791	0.9941860437393188
73796	0.4285714328289032
73799	0.007662835065275431
73800	0.0041841003112494946
73808	0.6598639488220215
73809	0.681034505367279
73810	0.011627906933426857
73811	1.0
73812	0.8222222328186035
73813	1.0
73814	0.6411290168762207
73815	1.0
73816	1.0
73817	1.0
73818	0.42553192377090454
73820	1.0
73821	1.0
73822	1.0
73824	0.7244094610214233
73825	1.0
73826	0.5025906562805176
73827	1.0
73828	0.6590909361839294
73832	0.08196721225976944
73833	1.0
73834	1.0
73835	1.0
73839	1.0
73840	0.5666666626930237
73841	1.0
73843	1.0
73844	0.7395833134651184
73847	1.0
73848	1.0
73850	0.10526315867900848
73855	0.2947368323802948
73857	0.6541353464126587
73859	0.0036630036775022745
73864	0.023255813866853714
73866	0.01904761977493763
73872	0.4229508340358734
73874	0.15510204434394836
73879	0.08396946638822556
73885	0.4245283007621765
73887	0.9898989796638489
73889	0.796875
73890	1.0
73891	0.00749063678085804
73892	0.0190677959471941
73893	1.0
73897	0.5714285969734192
73899	0.7716535329818726
73902	0.06315789371728897
73905	0.05905511975288391
73912	0.1111111119389534
73913	0.9238754510879517
73914	0.0235294122248888
73916	0.471615731716156
73920	1.0
73921	1.0
73922	0.0476190485060215
73923	1.0
73925	1.0
73926	1.0
73928	1.0
73929	0.8965517282485962
73930	0.6081081032752991
73931	0.8404255509376526
73932	0.0234375
73933	0.6022727489471436
73938	0.016181230545043945
73948	0.4375
73951	0.1599999964237213
73952	0.1388888955116272
73953	0.029411764815449715
73954	1.0
73955	0.005681818351149559
73956	1.0
73957	0.6525423526763916
73960	1.0
73962	0.3030303120613098
73964	0.8936170339584351
73966	1.0
73967	0.9166666865348816
73968	1.0
73969	1.0
73970	1.0
73971	0.08577878028154373
73973	0.035242289304733276
73976	0.2766798436641693
73980	0.0714285746216774
73983	0.0025445292703807354
73986	0.692307710647583
73987	1.0
73988	1.0
73989	1.0
73990	0.1818181872367859
73991	0.9746192693710327
73992	1.0
73993	1.0
73994	0.10778442770242691
73995	1.0
73996	0.30882352590560913
73997	1.0
73998	1.0
74000	0.9634146094322205
74001	1.0
74002	0.892307698726654
74003	0.9870129823684692
74005	0.18400000035762787
74006	0.7222222089767456
74007	0.1034482792019844
74009	0.012500000186264515
74021	0.8130311369895935
74027	0.35060974955558777
74029	0.05882352963089943
74032	0.22572815418243408
74035	0.38461539149284363
74037	0.8985915780067444
74038	0.9317697286605835
74039	1.0
74043	0.4841269850730896
74057	0.025974025949835777
74058	0.343873530626297
74059	0.7777777910232544
74060	0.8503401279449463
74061	0.00909090880304575
74063	1.0
74064	1.0
74065	0.5691906213760376
74067	0.9510869383811951
74068	1.0
74069	0.09900990128517151
74071	0.921875
74072	0.14516128599643707
74073	1.0
74076	0.26363635063171387
74077	0.15034964680671692
74082	0.6158192157745361
74084	0.5917496681213379
74087	0.1437908560037613
74088	0.9135802388191223
74090	0.002680965233594179
74091	0.036666665226221085
74093	1.0
74095	1.0
74096	0.5358490347862244
74100	0.004975124262273312
74106	0.08228980004787445
74115	0.8318098783493042
74118	0.8582278490066528
74121	1.0
74125	0.5245009064674377
74126	0.1384039968252182
74127	0.8358209133148193
74128	1.0
74131	1.0
74132	1.0
74133	1.0
74134	1.0
74135	1.0
74136	0.9242424368858337
74138	0.6963350772857666
74139	1.0
74141	1.0
74142	0.3451327383518219
74143	1.0
74144	1.0
74146	0.7179487347602844
74147	1.0
74150	1.0
74153	0.4566929042339325
74154	1.0
74156	0.2700729966163635
74158	0.9594594836235046
74159	0.807692289352417
74161	0.8399999737739563
74162	0.1505376398563385
74165	0.1538461595773697
74167	0.1267605572938919
74175	0.05263157933950424
74178	0.25287356972694397
74179	0.9838709831237793
74181	1.0
74182	1.0
74184	1.0
74185	0.867132842540741
74186	0.9593495726585388
74187	1.0
74189	1.0
74192	1.0
74194	0.8048780560493469
74197	0.010101010091602802
74202	0.20000000298023224
74204	0.774193525314331
74205	0.7943925261497498
74208	0.3038673996925354
74209	0.9649122953414917
74210	1.0
74214	0.011627906933426857
74215	0.09340659528970718
74217	0.15566037595272064
74219	0.022727273404598236
74221	1.0
74222	0.1785714328289032
74228	0.9932659864425659
74230	0.06232687085866928
74231	0.05714285746216774
74233	0.22575516998767853
74234	1.0
74236	0.00657894741743803
74237	0.512499988079071
74239	0.15217390656471252
74241	0.38372093439102173
74242	1.0
74246	0.16774193942546844
74247	0.9902912378311157
74248	1.0
74249	1.0
74250	0.9131832718849182
74253	1.0
74258	0.1190476194024086
74260	0.8259109258651733
74262	1.0
74264	1.0
74265	0.2907662093639374
74268	0.16331657767295837
74269	1.0
74271	0.800000011920929
74273	0.02500000037252903
74276	0.17391304671764374
74282	1.0
74284	1.0
74287	1.0
74289	0.9473684430122375
74290	0.5508474707603455
74293	0.33864542841911316
74295	1.0
74297	0.22589531540870667
74301	0.20879121124744415
74302	0.6853932738304138
74304	0.2786885201931
74305	0.5675675868988037
74307	0.06985294073820114
74308	0.12096773833036423
74309	0.8518518805503845
74317	0.18421052396297455
74319	0.39224138855934143
74320	0.2730769217014313
74321	0.014563106931746006
74323	0.5416666865348816
74326	1.0
74327	0.7516340017318726
74328	1.0
74329	0.10471203923225403
74330	1.0
74331	0.8539823293685913
74332	1.0
74333	0.6781609058380127
74336	1.0
74337	1.0
74338	0.8211382031440735
74339	0.5833333134651184
74341	1.0
74344	0.25641027092933655
74345	0.9907407164573669
74346	0.4268292784690857
74347	0.38181817531585693
74350	0.6694214940071106
74364	0.012422360479831696
74365	0.05911330133676529
74366	0.8341968655586243
74367	0.0824742242693901
74368	0.7892720103263855
74381	0.014634146355092525
74386	0.03703703731298447
74390	0.871345043182373
74392	0.9928057789802551
74393	1.0
74395	0.7130434513092041
74396	0.151162788271904
74398	1.0
74399	1.0
74400	0.03448275849223137
74401	0.17045454680919647
74404	0.8640776872634888
74405	1.0
74406	0.3469387888908386
74407	1.0
74409	1.0
74411	0.10576923191547394
74412	0.3669724762439728
74413	0.1473214328289032
74428	0.2222222238779068
74430	0.6303317546844482
74431	0.8238636255264282
74434	0.04988662153482437
74435	0.0515873022377491
74436	1.0
74437	1.0
74438	0.5833333134651184
74439	0.9861111044883728
74440	0.42635658383369446
74443	0.09090909361839294
74444	0.014388489536941051
74445	0.030674846842885017
74449	0.4111498296260834
74450	0.9894179701805115
74453	1.0
74454	0.8399015069007874
74455	1.0
74458	0.3930130898952484
74460	0.9268292784690857
74462	0.5315315127372742
74472	0.37261146306991577
74474	0.016574585810303688
74478	0.09589041024446487
74480	0.11282051354646683
74481	0.8500000238418579
74483	0.1296830028295517
74485	0.591160237789154
74487	1.0
74489	0.8071748614311218
74490	0.7910014390945435
74498	0.07870370149612427
74499	0.05891980230808258
74501	0.6696428656578064
74502	0.09183673560619354
74506	0.9641255736351013
74507	1.0
74508	0.9532710313796997
74510	1.0
74511	0.09333333373069763
74513	0.36721310019493103
74514	1.0
74515	1.0
74517	0.6647058725357056
74518	1.0
74520	1.0
74522	0.012658228166401386
74523	0.8042452931404114
74524	0.6025640964508057
74526	0.10980392247438431
74528	0.5210084319114685
74536	0.41584157943725586
74548	0.8275862336158752
74554	0.031963471323251724
74555	0.3308270573616028
74556	0.5546875
74557	0.7707182168960571
74561	0.23664122819900513
74562	0.35537189245224
74563	0.8842443823814392
74565	0.20708446204662323
74566	1.0
74571	0.2773972749710083
74572	0.8448845148086548
74574	0.0746268630027771
74575	0.8397790193557739
74577	0.010989011265337467
74579	0.30000001192092896
74581	1.0
74583	0.7006802558898926
74585	0.9196428656578064
74588	1.0
74589	0.8453237414360046
74590	1.0
74592	1.0
74595	0.6849817037582397
74596	1.0
74597	0.25367647409439087
74598	0.8226950168609619
74600	0.9479166865348816
74605	0.0833333358168602
74608	0.30416667461395264
74612	0.0035714285913854837
74624	0.3030303120613098
74625	0.035211268812417984
74628	0.8352272510528564
74630	1.0
74631	1.0
74634	0.8759689927101135
74635	0.563725471496582
74637	1.0
74638	1.0
74640	0.016129031777381897
74641	0.9805447459220886
74644	0.07560975849628448
74647	1.0
74648	0.10507246106863022
74649	0.5424528121948242
74656	0.5696969628334045
74657	0.37956205010414124
74661	0.614814817905426
74664	0.009852216579020023
74682	0.014705882407724857
74684	0.7726269364356995
74685	0.8981481194496155
74688	0.6282051205635071
74689	0.3529411852359772
74690	0.9842105507850647
74694	0.8068181872367859
74695	0.7562500238418579
74696	1.0
74698	0.2112676054239273
74703	0.06481481343507767
74719	0.4583333432674408
74721	0.8536585569381714
74722	0.5315789580345154
74725	0.38333332538604736
74728	0.3863636255264282
74731	1.0
74733	0.18446601927280426
74734	1.0
74735	0.9693877696990967
74736	1.0
74737	1.0
74739	0.3333333432674408
74743	0.9873949289321899
74744	1.0
74745	0.700564980506897
74750	1.0
74751	0.6231883764266968
74753	0.10752688348293304
74754	0.296470582485199
74755	1.0
74757	1.0
74764	0.16981132328510284
74768	0.0969163030385971
74770	0.04900459572672844
74782	0.49494948983192444
74784	0.16564416885375977
74787	0.5963756442070007
74788	0.8169013857841492
74789	0.6388888955116272
74791	0.9823529124259949
74792	0.009302325546741486
74794	0.029411764815449715
74795	0.8518518805503845
74796	0.2958333194255829
74797	1.0
74799	0.7360405921936035
74800	0.3142857253551483
74801	1.0
74802	1.0
74804	0.0419580414891243
74805	0.7080745100975037
74807	0.6186046600341797
74813	0.005235602147877216
74823	1.0
74824	1.0
74825	0.32773110270500183
74826	0.23736263811588287
74827	0.8167939186096191
74829	0.9850000143051147
74830	0.030487805604934692
74831	1.0
74833	1.0
74834	1.0
74836	1.0
74839	1.0
74840	0.7689530849456787
74841	1.0
74844	0.23043477535247803
74845	0.8313953280448914
74847	0.6517412662506104
74850	0.25090909004211426
74853	0.015625
74856	0.056179776787757874
74866	0.6619718074798584
74868	0.6512820720672607
74869	1.0
74872	0.02958579920232296
74873	1.0
74874	0.9836065769195557
74876	0.3996509611606598
74877	0.208695650100708
74878	0.11398963630199432
74879	0.7050561904907227
74880	0.03484320640563965
74881	0.2599388360977173
74882	0.13732394576072693
74883	0.10743801295757294
74891	0.00844594556838274
74895	0.8333333134651184
74900	0.06617647409439087
74901	0.3178294599056244
74902	0.13372093439102173
74904	0.7797927260398865
74905	0.30133333802223206
74906	0.10926365852355957
74911	0.026022305712103844
74914	0.056603774428367615
74925	0.12542372941970825
74927	0.10638298094272614
74929	0.341269850730896
74931	0.14929577708244324
74934	0.9048991203308105
74935	0.9699769020080566
74936	1.0
74937	0.353723406791687
74938	0.2668810188770294
74940	1.0
74942	0.6731517314910889
74943	1.0
74944	0.02247191034257412
74945	1.0
74946	0.1269841343164444
74947	0.8333333134651184
74955	0.02358490601181984
74957	0.06880734115839005
74969	0.007407407276332378
74974	0.1666666716337204
74975	0.2949640154838562
74976	0.8571428656578064
74978	0.9696969985961914
74979	0.9866666793823242
74982	1.0
74984	0.9268292784690857
74985	1.0
74987	1.0
74989	1.0
74991	0.9731543660163879
74992	1.0
74993	1.0
74994	1.0
74995	0.12371134012937546
74996	1.0
74997	0.8888888955116272
74998	1.0
74999	0.41528239846229553
75000	1.0
75001	1.0
75002	0.5654596090316772
75003	1.0
75004	1.0
75005	0.9726443886756897
75007	0.35915493965148926
75010	0.8720930218696594
75011	0.9230769276618958
75016	0.34210526943206787
75034	0.7465437650680542
75035	1.0
75037	0.7771428823471069
75038	0.04154302552342415
75039	0.4000000059604645
75040	0.30281689763069153
75046	0.10795454680919647
75047	0.009803921915590763
75049	0.5149253606796265
75052	1.0
75053	1.0
75055	1.0
75057	0.3464052379131317
75060	1.0
75061	1.0
75062	0.9295774698257446
75064	1.0
75066	1.0
75067	1.0
75068	0.8999999761581421
75070	0.07207207381725311
75076	0.03191489353775978
75085	0.15789473056793213
75086	0.11282051354646683
75088	0.6091370582580566
75089	0.03333333507180214
75092	1.0
75093	1.0
75094	1.0
75095	0.9350649118423462
75096	0.2770083248615265
75097	1.0
75098	0.3378378450870514
75099	0.8524590134620667
75100	0.9575471878051758
75111	0.7903226017951965
75113	0.13821138441562653
75115	0.9124423861503601
75116	0.0422535203397274
75118	0.0347222238779068
75119	1.0
75120	0.014705882407724857
75123	0.9142857193946838
75125	1.0
75126	0.07563025504350662
75128	0.05911330133676529
75129	0.8863636255264282
75130	0.13124999403953552
75135	1.0
75137	1.0
75138	0.5975610017776489
75141	1.0
75142	0.004201680887490511
75143	0.3198198080062866
75145	0.9684210419654846
75146	0.4862385392189026
75148	0.012345679104328156
75150	0.008928571827709675
75151	0.9883720874786377
75152	0.48221343755722046
75153	0.29729729890823364
75157	1.0
75158	0.4542124569416046
75160	0.006666666828095913
75161	1.0
75164	1.0
75168	1.0
75169	0.39344263076782227
75170	0.6936936974525452
75171	0.6288659572601318
75173	0.1492537260055542
75192	0.3370998203754425
75194	0.25974026322364807
75197	0.4720279574394226
75198	1.0
75200	0.6052631735801697
75201	1.0
75202	0.16346153616905212
75203	1.0
75204	1.0
75205	0.8461538553237915
75206	0.5155807137489319
75207	1.0
75208	1.0
75209	1.0
75210	0.4776785671710968
75212	1.0
75213	0.9590163826942444
75214	0.31506848335266113
75216	0.8641975522041321
75219	0.7133758068084717
75222	0.6084656119346619
75223	0.01663585938513279
75229	1.0
75230	0.9568965435028076
75231	0.125
75232	0.9247311949729919
75233	1.0
75234	0.7279999852180481
75246	0.038277510553598404
75247	0.06369426846504211
75251	0.42767295241355896
75252	0.8775510191917419
75253	0.025157231837511063
75255	1.0
75256	1.0
75257	0.3684210479259491
75258	1.0
75259	0.8037382960319519
75264	0.9694656729698181
75284	0.04571428522467613
75287	0.604651153087616
75289	0.28742516040802
75303	0.14000000059604645
75304	0.020134227350354195
75305	0.3499999940395355
75308	0.9679999947547913
75310	0.987261176109314
75311	0.8522727489471436
75313	0.3423076868057251
75314	0.8958333134651184
75315	0.516853928565979
75320	0.6944444179534912
75321	1.0
75323	1.0
75325	0.3492063581943512
75326	1.0
75329	1.0
75330	1.0
75332	0.3452685475349426
75333	1.0
75334	1.0
75336	0.1515151560306549
75340	1.0
75342	0.04838709533214569
75347	0.014705882407724857
75349	0.455089807510376
75351	0.009771986864507198
75352	0.9644013047218323
75355	1.0
75356	0.8380566835403442
75358	1.0
75359	1.0
75360	0.21568627655506134
75362	0.8983606696128845
75363	0.6413043737411499
75364	0.7314814925193787
75367	0.08219178020954132
75368	0.01937984488904476
75376	1.0
75377	0.8306878209114075
75379	0.11675126850605011
75383	1.0
75384	1.0
75385	1.0
75388	1.0
75389	0.6736842393875122
75390	0.5116279125213623
75408	0.882758617401123
75409	0.060538116842508316
75411	0.08148147910833359
75412	0.698113203048706
75414	1.0
75416	1.0
75417	0.27138644456863403
75419	0.190476194024086
75420	1.0
75422	1.0
75423	0.9268292784690857
75425	0.16826923191547394
75427	0.08421052992343903
75429	0.918749988079071
75430	0.18118466436862946
75434	0.6416666507720947
75436	0.9432098865509033
75439	0.12195122241973877
75443	0.13725490868091583
75457	0.6065573692321777
75458	0.2756410241127014
75459	0.1848248988389969
75460	0.9864864945411682
75461	1.0
75464	0.9221311211585999
75465	0.3641618490219116
75466	0.5077399611473083
75468	0.7093023061752319
75469	1.0
75472	0.010526316240429878
75474	0.33825942873954773
75490	0.5808823704719543
75491	0.3258427083492279
75493	0.6222222447395325
75497	0.7236841917037964
75498	1.0
75500	1.0
75501	1.0
75503	0.3486238420009613
75504	1.0
75505	0.4480874240398407
75506	1.0
75507	1.0
75508	0.3896103799343109
75509	1.0
75510	1.0
75511	1.0
75513	0.9013158082962036
75515	0.06707317382097244
75516	0.37254902720451355
75520	0.03629032149910927
75523	0.022624434903264046
75528	0.11872146278619766
75533	0.0019723866134881973
75537	0.15343914926052094
75538	0.7875000238418579
75540	0.34228187799453735
75541	0.9479768872261047
75542	0.004310344811528921
75545	1.0
75546	1.0
75547	0.5948275923728943
75549	1.0
75550	0.11403508484363556
75551	0.9320388436317444
75553	1.0
75554	1.0
75555	0.0357142873108387
75556	1.0
75557	1.0
75559	0.1497584581375122
75561	0.91796875
75562	0.01764705963432789
75563	0.9709302186965942
75564	0.6585366129875183
75566	0.1666666716337204
75568	0.2851405739784241
75572	0.17094017565250397
75573	0.17624521255493164
75574	0.12440191209316254
75589	0.32768362760543823
75590	0.0357142873108387
75593	0.0714285746216774
75595	0.9813953638076782
75596	0.6111111044883728
75597	0.0736842080950737
75598	0.8403756022453308
75600	1.0
75602	0.8448275923728943
75603	0.6666666865348816
75604	1.0
75605	0.9492753744125366
75606	0.07450980693101883
75608	1.0
75609	1.0
75610	0.8088235259056091
75611	0.04188481718301773
75612	0.9727272987365723
75613	0.059347182512283325
75614	0.7025089859962463
75615	0.0035335689317435026
75616	0.22807016968727112
75620	0.03773584961891174
75621	1.0
75623	1.0
75625	1.0
75626	0.16334661841392517
75627	0.8333333134651184
75629	0.1388888955116272
75630	0.8407079577445984
75632	0.23076923191547394
75650	0.028436018154025078
75655	0.9927536249160767
75660	0.09677419066429138
75661	0.06451612710952759
75668	0.009900989942252636
75669	1.0
75670	1.0
75671	1.0
75672	0.40361446142196655
75673	1.0
75674	1.0
75675	1.0
75676	0.9820359349250793
75678	1.0
75680	0.95652174949646
75683	0.18884120881557465
75686	0.16417910158634186
75703	0.5103448033332825
75704	0.4560000002384186
75705	0.9811320900917053
75706	0.9275362491607666
75707	0.9807692170143127
75709	1.0
75710	1.0
75716	1.0
75717	0.7046632170677185
75720	1.0
75721	1.0
75722	0.1882352977991104
75724	1.0
75726	1.0
75727	0.06557376682758331
75728	1.0
75729	1.0
75730	1.0
75731	1.0
75733	1.0
75734	0.991525411605835
75737	0.9076923131942749
75739	0.0078125
75741	0.7721518874168396
75743	0.2768361568450928
75744	0.9459459185600281
75750	0.22201138734817505
75751	0.692307710647583
75754	0.014545454643666744
75757	0.4864864945411682
75758	0.9538461565971375
75759	0.5539112091064453
75765	0.8707864880561829
75766	1.0
75767	0.8077921867370605
75768	0.0470588244497776
75769	1.0
75771	0.2931596040725708
75773	1.0
75774	0.06470588594675064
75775	1.0
75776	1.0
75777	0.02259887009859085
75778	1.0
75780	1.0
75782	1.0
75784	0.9235293865203857
75785	1.0
75786	0.8546099066734314
75789	1.0
75791	1.0
75794	0.0565476194024086
75795	0.9814814925193787
75796	1.0
75799	0.01583113521337509
75800	0.6354166865348816
75801	0.026178009808063507
75802	1.0
75804	0.05714285746216774
75805	1.0
75808	0.7672955989837646
75810	1.0
75812	0.03316749632358551
75816	0.975806474685669
75817	0.6594827771186829
75819	0.6845238208770752
75820	0.31282052397727966
75822	0.095238097012043
75827	0.014814814552664757
75828	0.027397260069847107
75830	0.15454545617103577
75850	0.11764705926179886
75852	0.5833333134651184
75853	0.936170220375061
75855	0.0023752970155328512
75857	0.9710982441902161
75858	0.5559845566749573
75860	0.01785714365541935
75862	1.0
75865	0.9224806427955627
75868	0.03999999910593033
75869	0.125
75871	1.0
75872	0.5079365372657776
75873	0.1719745248556137
75874	1.0
75875	1.0
75876	0.8792270421981812
75877	1.0
75878	0.8425197005271912
75879	0.5196850299835205
75883	0.018691588193178177
75900	0.128742516040802
75902	0.10837438702583313
75903	0.1015625
75905	0.0833333358168602
75906	0.5736677050590515
75907	0.6590909361839294
75908	1.0
75909	0.05494505539536476
75910	0.8764045238494873
75911	0.05863192304968834
75912	1.0
75913	1.0
75915	1.0
75916	0.9737827777862549
75917	1.0
75919	0.5154638886451721
75920	1.0
75921	1.0
75922	1.0
75923	1.0
75926	0.12403100728988647
75927	0.7471910119056702
75928	1.0
75929	1.0
75930	0.7704917788505554
75931	0.7747126221656799
75932	0.5662100315093994
75941	0.15605095028877258
75951	0.06849315017461777
75952	0.3031359016895294
75953	0.2818181812763214
75954	0.49132949113845825
75957	0.035555556416511536
75959	0.38983049988746643
75961	0.21904762089252472
75963	1.0
75967	1.0
75968	0.1944444477558136
75969	0.043478261679410934
75971	1.0
75972	1.0
75975	1.0
75976	0.740634024143219
75977	1.0
75978	0.47668394446372986
75981	0.03975535184144974
75983	1.0
75984	0.7614213228225708
75986	1.0
75988	0.3730158805847168
75990	0.9824561476707458
75998	0.6129032373428345
76002	0.3333333432674408
76003	0.1563785970211029
76004	0.05586592108011246
76008	0.6428571343421936
76012	1.0
76014	0.21192052960395813
76016	0.2956204414367676
76037	0.9660193920135498
76038	0.4416666626930237
76039	0.1982758641242981
76040	1.0
76042	0.2291666716337204
76043	0.028301887214183807
76046	0.7279999852180481
76047	0.9265536665916443
76050	0.9558011293411255
76055	0.1705426424741745
76058	0.008547008968889713
76063	0.47058823704719543
76064	0.13375796377658844
76065	0.25641027092933655
76066	1.0
76067	0.04065040498971939
76069	1.0
76070	1.0
76071	1.0
76072	1.0
76073	0.5146198868751526
76074	0.8541666865348816
76075	0.30882352590560913
76078	0.7607142925262451
76081	0.003546099178493023
76082	0.12793733179569244
76084	0.34393638372421265
76086	0.27124184370040894
76088	1.0
76089	0.0018484288593754172
76099	0.9839080572128296
76104	0.9379844665527344
76105	1.0
76106	1.0
76107	1.0
76108	1.0
76109	1.0
76110	0.9736841917037964
76111	0.857740581035614
76112	0.17336152493953705
76113	0.9419087171554565
76114	0.5415821671485901
76115	0.6584158539772034
76116	0.2461538463830948
76117	0.6265270709991455
76118	0.7853881120681763
76121	0.21252059936523438
76122	1.0
76123	1.0
76124	1.0
76125	1.0
76126	0.8734491467475891
76128	0.42038217186927795
76129	1.0
76131	1.0
76132	1.0
76133	0.7102803587913513
76134	1.0
76135	1.0
76136	1.0
76137	0.9305555820465088
76138	0.3180076479911804
76139	1.0
76141	0.9426751732826233
76142	1.0
76143	0.5357142686843872
76144	0.767241358757019
76145	1.0
76146	0.1319444477558136
76147	0.5124378204345703
76148	0.018518518656492233
76149	0.4028435945510864
76156	0.45519712567329407
76157	0.05343511328101158
76158	0.4000000059604645
76160	0.164000004529953
76161	0.014814814552664757
76163	0.460317462682724
76166	1.0
76169	1.0
76170	0.14432989060878754
76174	1.0
76175	1.0
76180	0.9927536249160767
76184	0.2651515007019043
76187	0.9166666865348816
76192	0.14046822488307953
76193	0.16235293447971344
76203	0.48943662643432617
76204	0.1634446382522583
76206	0.9300000071525574
76207	0.6835442781448364
76208	0.994350254535675
76210	0.9271844625473022
76211	1.0
76212	0.8387096524238586
76214	0.011320754885673523
76217	1.0
76218	1.0
76220	0.2763157784938812
76221	1.0
76222	1.0
76224	1.0
76225	0.5143885016441345
76227	1.0
76228	0.17037037014961243
76230	1.0
76232	0.7335329055786133
76236	0.07706093043088913
76237	0.446153849363327
76238	0.38942307233810425
76246	0.9421965479850769
76247	1.0
76251	1.0
76252	0.7405405640602112
76253	0.6129032373428345
76254	1.0
76255	1.0
76256	0.12015503644943237
76258	0.8266666531562805
76259	1.0
76260	0.6722689270973206
76261	1.0
76262	1.0
76263	1.0
76266	0.44089457392692566
76267	0.9177215099334717
76270	0.05693069472908974
76277	0.6902654767036438
76278	0.43121692538261414
76282	0.005698005668818951
76283	0.7200000286102295
76297	0.2062256783246994
76301	0.04040404036641121
76302	0.4482758641242981
76303	1.0
76304	0.32278481125831604
76307	1.0
76309	1.0
76311	0.8780487775802612
76312	1.0
76313	1.0
76314	0.1516587734222412
76315	1.0
76317	1.0
76320	0.6706587076187134
76323	0.9653179049491882
76324	0.5231092572212219
76326	0.2199999988079071
76330	0.07253886014223099
76339	0.09677419066429138
76343	0.12533333897590637
76345	0.8811880946159363
76351	0.09090909361839294
76352	0.05095541477203369
76354	0.6768447756767273
76357	0.08196721225976944
76359	0.4399999976158142
76362	1.0
76364	0.9862068891525269
76365	0.0060606058686971664
76366	0.09756097197532654
76377	0.009999999776482582
76380	0.23376622796058655
76387	0.24175824224948883
76389	0.7433155179023743
76390	0.3166666626930237
76391	1.0
76393	0.3114035129547119
76395	0.9410112500190735
76397	0.875
76398	0.6263157725334167
76400	0.9850746393203735
76403	0.8739495873451233
76407	0.6887417435646057
76411	0.12903225421905518
76412	0.01315789483487606
76432	0.20105819404125214
76433	0.1708860695362091
76436	0.3461538553237915
76439	0.5714285969734192
76441	0.09589041024446487
76442	0.8352941274642944
76443	1.0
76444	0.8285714387893677
76445	0.20000000298023224
76448	0.36690646409988403
76450	0.8464912176132202
76451	0.18243242800235748
76452	0.7022653818130493
76454	0.02298850566148758
76455	0.046357616782188416
76457	1.0
76458	0.3959731459617615
76459	1.0
76461	0.0602409653365612
76473	0.4825327396392822
76474	0.375
76476	1.0
76480	0.7676767706871033
76481	1.0
76482	0.3207547068595886
76483	0.3610389530658722
76485	1.0
76486	0.9830508232116699
76487	1.0
76488	0.03680981695652008
76489	1.0
76492	0.0357142873108387
76493	0.9746192693710327
76494	0.9273743033409119
76495	0.9850746393203735
76497	0.5315789580345154
76498	0.022900763899087906
76505	0.1497005969285965
76507	0.0058823530562222
76509	0.3538961112499237
76510	1.0
76511	0.9740259647369385
76512	1.0
76513	1.0
76514	1.0
76516	1.0
76518	0.8757764101028442
76519	1.0
76520	1.0
76522	0.7560975551605225
76524	0.1463414579629898
76525	0.012500000186264515
76527	0.0357142873108387
76542	0.069182388484478
76543	0.854651153087616
76544	0.4701492488384247
76545	1.0
76546	1.0
76547	0.4803921580314636
76549	0.9819819927215576
76551	0.3899371027946472
76554	0.5357917547225952
76555	0.6094674468040466
76558	0.008528784848749638
76559	1.0
76560	0.4471909999847412
76562	0.18376068770885468
76563	0.9536423683166504
76565	1.0
76566	1.0
76571	1.0
76572	0.24444444477558136
76575	1.0
76576	0.6790123581886292
76577	1.0
76578	0.9753086566925049
76580	0.5652173757553101
76585	0.11428571492433548
76590	0.04729729890823364
76591	0.019693654030561447
76602	0.498046875
76605	0.633281946182251
76606	0.09839817136526108
76607	0.6342412233352661
76608	1.0
76611	1.0
76612	0.3115384578704834
76613	1.0
76615	0.16842105984687805
76616	1.0
76619	0.2130325883626938
76621	1.0
76622	0.40721648931503296
76623	0.49401524662971497
76626	0.33438485860824585
76645	0.1818181872367859
76646	0.1505376398563385
76649	0.891566276550293
76653	0.4166666567325592
76654	1.0
76656	1.0
76657	0.5510835647583008
76658	0.65625
76659	0.16551724076271057
76661	0.20408163964748383
76663	0.9930796027183533
76667	0.24460431933403015
76668	1.0
76673	1.0
76674	0.21804511547088623
76677	1.0
76678	0.9693877696990967
76679	0.481675386428833
76681	0.7470588088035583
76683	0.1195652186870575
76707	0.25217390060424805
76710	0.6287878751754761
76713	1.0
76714	1.0
76717	0.9219858050346375
76726	1.0
76727	0.5686274766921997
76728	0.4146341383457184
76729	0.025641025975346565
76733	0.9892473220825195
76734	1.0
76735	1.0
76742	0.04188481718301773
76744	0.08411215245723724
76746	0.4285714328289032
76747	0.31578946113586426
76749	0.9924242496490479
76750	1.0
76751	0.42553192377090454
76752	1.0
76753	1.0
76754	1.0
76755	1.0
76756	0.1320754736661911
76757	1.0
76758	1.0
76759	1.0
76760	1.0
76761	1.0
76762	1.0
76763	1.0
76764	1.0
76765	0.949367105960846
76766	0.7473309636116028
76767	1.0
76768	0.05649717524647713
76769	0.5730336904525757
76770	1.0
76771	0.5528846383094788
76772	1.0
76773	0.9897959232330322
76779	1.0
76783	0.3700787425041199
76784	0.3333333432674408
76785	0.5303030014038086
76786	0.15625
76790	0.1527777761220932
76792	0.7865853905677795
76800	0.06086956337094307
76808	0.014705882407724857
76811	0.9378882050514221
76814	0.3636363744735718
76823	0.525581419467926
76825	0.05376344174146652
76828	0.9568965435028076
76831	0.8500000238418579
76833	1.0
76836	1.0
76838	0.008130080997943878
76843	1.0
76844	1.0
76846	0.9743589758872986
76848	1.0
76849	1.0
76850	1.0
76851	1.0
76852	1.0
76856	0.9285714030265808
76858	1.0
76859	1.0
76860	0.9210526347160339
76861	1.0
76863	1.0
76864	1.0
76865	0.7543859481811523
76866	1.0
76867	0.24786324799060822
76868	1.0
76870	1.0
76871	1.0
76872	1.0
76873	1.0
76874	0.4563106894493103
76875	0.9096385836601257
76879	0.40816327929496765
76891	0.06508875638246536
76892	0.058252427726984024
76896	0.018779342994093895
76903	0.921875
76908	1.0
76909	0.01149425283074379
76911	1.0
76915	0.3366336524486542
76919	0.0890410989522934
76920	1.0
76921	0.1340206116437912
76924	0.9235668778419495
76926	0.4095238149166107
76931	1.0
76932	0.5147058963775635
76935	0.0422535203397274
76936	0.1034482792019844
76940	1.0
76941	1.0
76942	1.0
76944	0.1764705926179886
76945	0.5775400996208191
76946	1.0
76948	1.0
76949	0.908450722694397
76950	1.0
76951	0.6510066986083984
76953	0.6170212626457214
76954	1.0
76956	0.09803921729326248
76957	1.0
76958	1.0
76959	1.0
76962	0.17073170840740204
76963	0.550000011920929
76966	0.5
76967	0.692307710647583
76978	0.0590277761220932
76986	0.42424243688583374
76990	0.41333332657814026
76993	0.4848484992980957
76995	0.554347813129425
76998	0.3989361822605133
77009	0.21739129722118378
77011	0.9318181872367859
77014	0.5068492889404297
77017	1.0
77018	1.0
77020	1.0
77022	1.0
77023	0.2857142984867096
77024	1.0
77025	0.7129629850387573
77043	0.09956710040569305
77044	0.49514561891555786
77045	0.7419354915618896
77047	1.0
77048	0.029661016538739204
77049	1.0
77050	0.12252964079380035
77056	0.9626168012619019
77059	0.012820512987673283
77060	0.1794871836900711
77061	0.008928571827709675
77064	0.020134227350354195
77075	0.3448275923728943
77080	0.5271317958831787
77083	0.8270676732063293
77085	0.9718309640884399
77086	0.23170731961727142
77089	1.0
77091	0.9655172228813171
77093	1.0
77095	1.0
77097	1.0
77098	1.0
77099	0.2928571403026581
77100	1.0
77101	1.0
77102	0.8658536672592163
77103	1.0
77105	1.0
77107	0.949999988079071
77109	1.0
77110	1.0
77111	1.0
77112	1.0
77114	0.0357142873108387
77115	1.0
77118	0.5
77121	0.6290322542190552
77123	0.1458333283662796
77124	0.008547008968889713
77135	0.0062500000931322575
77137	0.06306306272745132
77140	0.01904761977493763
77145	1.0
77146	1.0
77147	0.97826087474823
77148	1.0
77150	0.800000011920929
77151	1.0
77152	1.0
77154	1.0
77155	1.0
77156	1.0
77158	0.9607843160629272
77159	1.0
77160	1.0
77163	1.0
77165	1.0
77166	0.8448275923728943
77168	1.0
77180	0.023076923564076424
77189	0.5649717450141907
77190	1.0
77191	1.0
77192	1.0
77193	1.0
77195	0.3229166567325592
77198	0.0602409653365612
77199	1.0
77200	0.016806723549962044
77201	0.9342105388641357
77203	0.6058394312858582
77204	0.13333334028720856
77205	0.5648854970932007
77207	0.1525423675775528
77215	0.6612903475761414
77216	0.44915252923965454
77224	1.0
77225	0.5960264801979065
77228	1.0
77231	0.24260355532169342
77232	1.0
77239	0.24183006584644318
77240	0.8703703880310059
77243	1.0
77244	0.9354838728904724
77245	1.0
77246	1.0
77247	0.9888888597488403
77248	0.8556700944900513
77249	1.0
77250	0.33898305892944336
77251	0.048192769289016724
77253	0.0517241396009922
77254	0.8979591727256775
77255	0.9635036587715149
77258	1.0
77259	0.3400000035762787
77260	1.0
77261	1.0
77262	1.0
77263	0.9166666865348816
77264	1.0
77265	0.03141361102461815
77267	1.0
77268	1.0
77269	0.39743590354919434
77270	0.8508771657943726
77271	0.4476190507411957
77272	0.4968152940273285
77273	0.20000000298023224
77275	0.35323384404182434
77285	0.1428571492433548
77286	0.862500011920929
77288	0.15573769807815552
77292	1.0
77294	0.109375
77295	0.9246987700462341
77296	1.0
77297	0.3142857253551483
77298	0.0058823530562222
77300	0.09090909361839294
77301	1.0
77304	0.004761904943734407
77307	0.16748768091201782
77309	0.24855491518974304
77317	0.1070496067404747
77322	0.03333333507180214
77327	0.3297872245311737
77329	0.7575757503509521
77330	0.042944785207509995
77331	0.7761194109916687
77334	0.7757009267807007
77335	1.0
77336	1.0
77337	0.21739129722118378
77339	1.0
77341	0.926701545715332
77342	1.0
77343	1.0
77344	1.0
77345	0.447098970413208
77346	0.6392405033111572
77347	1.0
77350	1.0
77351	0.8518518805503845
77352	1.0
77353	0.9411764740943909
77354	0.6687116622924805
77355	1.0
77356	1.0
77357	0.6760563254356384
77358	1.0
77360	0.032258063554763794
77361	0.5128205418586731
77362	0.4545454680919647
77363	0.515625
77364	0.09278350323438644
77369	0.9013698697090149
77370	0.032258063554763794
77374	0.8372092843055725
77375	0.9958333373069763
77377	1.0
77378	0.8888888955116272
77379	1.0
77381	0.05714285746216774
77382	0.9127516746520996
77384	0.9121338725090027
77385	0.274881511926651
77386	1.0
77388	0.0634920671582222
77389	0.49275362491607666
77391	0.016949152573943138
77400	0.009345794096589088
77402	0.4971098303794861
77403	0.1636904776096344
77404	0.9235127568244934
77405	0.011278195306658745
77406	0.9353233575820923
77408	0.07692307978868484
77410	0.1818181872367859
77411	1.0
77413	0.5892857313156128
77414	0.6505576372146606
77416	0.12883435189723969
77417	1.0
77419	0.08673469722270966
77421	0.7936508059501648
77422	0.8725489974021912
77423	0.668749988079071
77424	0.01224489789456129
77432	0.10457516461610794
77434	0.06756756454706192
77437	0.35555556416511536
77438	0.0853932574391365
77440	0.765625
77442	0.3613445460796356
77443	0.009345794096589088
77444	0.9640718698501587
77445	1.0
77446	0.004545454401522875
77447	1.0
77448	1.0
77449	1.0
77466	0.43589743971824646
77467	0.5051546096801758
77469	0.3229813575744629
77471	0.7553957104682922
77472	0.13600000739097595
77473	0.4533333480358124
77474	1.0
77475	1.0
77476	1.0
77478	1.0
77481	0.9798387289047241
77482	0.31182795763015747
77486	0.9269230961799622
77487	0.003816793905571103
77489	0.4728434383869171
77490	0.6603773832321167
77499	1.0
77501	0.47959184646606445
77502	1.0
77503	0.015625
77506	0.3965517282485962
77507	0.9800000190734863
77508	1.0
77509	0.6078431606292725
77510	1.0
77511	0.02976190485060215
77514	1.0
77517	1.0
77518	1.0
77520	1.0
77521	0.11764705926179886
77522	1.0
77527	0.7207207083702087
77528	0.47058823704719543
77545	0.058510638773441315
77546	0.1629955917596817
77547	0.9358974099159241
77548	0.8928571343421936
77549	0.3830508589744568
77550	1.0
77551	1.0
77552	1.0
77553	0.3442623019218445
77554	1.0
77555	1.0
77556	0.5829959511756897
77557	1.0
77558	0.006849315017461777
77559	1.0
77560	1.0
77561	0.24375000596046448
77562	0.8168317079544067
77563	1.0
77564	0.9364162087440491
77565	0.8148148059844971
77566	0.13989637792110443
77567	0.27812498807907104
77571	1.0
77597	0.1696428507566452
77598	0.1149425283074379
77599	0.5789473652839661
77601	0.19540229439735413
77605	1.0
77606	0.6867470145225525
77609	1.0
77610	0.8899999856948853
77612	0.5593220591545105
77613	1.0
77616	1.0
77617	0.577464759349823
77618	0.8774703741073608
77619	1.0
77620	1.0
77622	0.38596490025520325
77624	1.0
77625	0.9646017551422119
77626	1.0
77627	0.6018957495689392
77628	1.0
77629	1.0
77631	1.0
77632	0.6774193644523621
77633	1.0
77635	1.0
77637	1.0
77638	0.18250951170921326
77639	0.7246376872062683
77641	0.791304349899292
77643	0.07518796622753143
77664	0.025316456332802773
77665	0.06578947603702545
77666	0.008064515888690948
77667	0.5470588207244873
77670	0.18157894909381866
77675	0.008658008649945259
77677	1.0
77678	0.38461539149284363
77679	0.25668448209762573
77680	0.34020617604255676
77682	0.15568862855434418
77683	0.38999998569488525
77684	0.4112149477005005
77685	0.27225130796432495
77689	0.19078947603702545
77690	1.0
77692	0.8090909123420715
77696	0.008130080997943878
77699	0.8674033284187317
77700	1.0
77701	1.0
77702	0.9459459185600281
77704	1.0
77707	0.9459459185600281
77708	1.0
77709	0.09289617836475372
77711	0.9072847962379456
77712	0.9487179517745972
77713	0.08620689809322357
77714	0.019480518996715546
77715	0.08243727684020996
77716	0.38759690523147583
77717	0.24380165338516235
77721	0.07051282376050949
77722	0.10309278219938278
77724	0.014999999664723873
77726	0.1770833283662796
77727	0.06880734115839005
77740	0.5284552574157715
77741	1.0
77742	0.31388887763023376
77744	1.0
77745	1.0
77746	1.0
77748	1.0
77749	0.14406779408454895
77750	0.6292135119438171
77751	0.02631578966975212
77755	0.01515151560306549
77764	0.06410256773233414
77767	0.11409395933151245
77768	0.037383176386356354
77771	0.5024154782295227
77776	0.9848101139068604
77777	1.0
77778	0.6129032373428345
77779	0.3253012001514435
77780	1.0
77782	1.0
77783	0.75
77784	1.0
77785	1.0
77786	1.0
77787	1.0
77788	1.0
77789	0.1041666641831398
77791	0.9285714030265808
77792	1.0
77793	1.0
77795	1.0
77797	1.0
77799	1.0
77800	0.5714285969734192
77801	0.3589743673801422
77802	0.9090909361839294
77803	0.5441176295280457
77806	0.529411792755127
77812	0.012738853693008423
77814	0.7146171927452087
77815	0.994575023651123
77816	0.9852744340896606
77817	0.8432122468948364
77818	1.0
77819	1.0
77820	1.0
77821	1.0
77822	0.739234447479248
77823	1.0
77824	1.0
77825	0.9884058237075806
77826	0.317220538854599
77827	0.9892473220825195
77828	0.3372093141078949
77830	0.40123456716537476
77834	1.0
77835	0.6194332242012024
77836	0.4586776793003082
77838	0.0714285746216774
77841	0.3589743673801422
77842	0.28409090638160706
77846	0.7272727489471436
77849	1.0
77850	0.03184713423252106
77851	1.0
77853	1.0
77854	0.11428571492433548
77856	1.0
77857	1.0
77859	1.0
77860	0.4690265357494354
77861	1.0
77862	1.0
77863	0.00699300691485405
77865	1.0
77866	1.0
77867	1.0
77868	1.0
77869	1.0
77873	0.9855072498321533
77874	0.17272727191448212
77875	0.7348484992980957
77876	1.0
77879	0.4000000059604645
77882	0.01123595517128706
77890	0.32758620381355286
77891	0.46268656849861145
77894	0.10126582533121109
77897	1.0
77904	0.8118081092834473
77908	0.3139534890651703
77911	1.0
77915	0.6438356041908264
77922	0.767241358757019
77924	0.9444444179534912
77925	1.0
77926	1.0
77927	1.0
77928	0.2631579041481018
77929	0.7314285635948181
77931	1.0
77932	1.0
77933	0.8165137767791748
77934	0.08124999701976776
77935	1.0
77936	1.0
77949	0.0035211266949772835
77950	0.17796610295772552
77952	0.09210526198148727
77955	0.009615384973585606
77956	0.018018018454313278
77957	1.0
77958	0.9818435907363892
77959	0.8785471320152283
77960	0.33236151933670044
77964	0.8118420839309692
77971	0.5023474097251892
77973	0.0047505940310657024
77981	0.09000000357627869
77982	0.1111111119389534
77985	0.13375796377658844
77986	0.8790931701660156
77987	0.9975247383117676
77989	0.024000000208616257
77990	0.4893617033958435
77991	0.1785714328289032
77992	0.028985507786273956
77996	0.22300469875335693
77998	1.0
78005	0.05319149047136307
78006	0.7172523736953735
78007	0.695652186870575
78008	1.0
78009	1.0
78010	1.0
78011	1.0
78012	1.0
78014	0.10460250824689865
78018	1.0
78020	0.5249999761581421
78021	0.692307710647583
78025	0.05714285746216774
78038	0.30102041363716125
78040	0.8059701323509216
78043	0.9906542301177979
78045	0.3309352397918701
78049	0.7431192398071289
78050	0.9836065769195557
78054	0.29411765933036804
78055	1.0
78056	0.9739130139350891
78061	1.0
78067	1.0
78073	0.009523809887468815
78079	1.0
78080	0.5839999914169312
78086	0.4316239356994629
78088	0.5151515007019043
78089	0.5423728823661804
78090	0.3295454680919647
78092	0.38532111048698425
78095	0.06896551698446274
78097	0.2109375
78098	0.8648648858070374
78101	1.0
78102	1.0
78105	1.0
78108	0.4399999976158142
78110	1.0
78112	0.3901098966598511
78113	1.0
78114	1.0
78116	0.7388724088668823
78117	0.29349735379219055
78118	0.04040404036641121
78120	0.9775280952453613
78121	0.37837839126586914
78122	1.0
78123	1.0
78125	1.0
78126	0.8716418147087097
78127	1.0
78128	0.020304568111896515
78129	1.0
78130	1.0
78131	0.4941176474094391
78133	0.508849561214447
78137	0.9551281929016113
78138	0.4356435537338257
78141	0.7083333134651184
78143	0.35087719559669495
78157	0.1418439745903015
78166	0.07500000298023224
78168	0.8951612710952759
78169	0.018018018454313278
78172	0.33766233921051025
78176	0.02150537632405758
78179	0.014925372786819935
78180	0.7532467246055603
78181	0.6222222447395325
78183	0.10256410390138626
78184	0.9489051103591919
78186	1.0
78187	1.0
78188	1.0
78189	0.07058823853731155
78190	1.0
78191	1.0
78192	1.0
78193	1.0
78194	1.0
78195	1.0
78196	1.0
78197	1.0
78198	1.0
78199	1.0
78200	1.0
78201	1.0
78202	1.0
78203	1.0
78204	1.0
78205	0.4000000059604645
78206	1.0
78207	1.0
78208	1.0
78209	0.4652777910232544
78210	1.0
78211	1.0
78212	0.9897435903549194
78213	1.0
78214	0.8888888955116272
78216	0.13461539149284363
78218	0.5849056839942932
78219	0.369047611951828
78220	0.1190476194024086
78230	0.8878923654556274
78233	1.0
78236	0.009433962404727936
78239	1.0
78241	0.6301369667053223
78247	0.9166666865348816
78248	0.05454545468091965
78251	0.7397260069847107
78252	0.2238806039094925
78254	0.7108433842658997
78255	0.6132075190544128
78259	0.7674418687820435
78262	0.9327731132507324
78263	1.0
78264	0.3333333432674408
78267	1.0
78269	0.12574850022792816
78270	1.0
78271	0.3113207519054413
78274	0.9489796161651611
78275	1.0
78276	1.0
78278	1.0
78279	1.0
78286	0.07246376574039459
78288	1.0
78289	0.916201114654541
78291	0.4331550896167755
78293	1.0
78294	1.0
78295	0.05050504952669144
78296	0.9166666865348816
78298	1.0
78299	0.057416267693042755
78300	0.8416666388511658
78303	0.3777777850627899
78315	0.28688523173332214
78318	0.30319148302078247
78320	1.0
78321	1.0
78323	0.7055214643478394
78324	1.0
78325	0.1515151560306549
78326	0.09195402264595032
78331	1.0
78334	0.7484848499298096
78335	1.0
78337	1.0
78338	1.0
78339	1.0
78341	1.0
78342	0.16853933036327362
78343	1.0
78344	1.0
78345	0.7787878513336182
78346	0.6363636255264282
78351	0.21739129722118378
78368	0.3513513505458832
78370	0.15909090638160706
78371	0.040816325694322586
78372	0.984455943107605
78374	1.0
78375	0.4429824650287628
78376	1.0
78379	1.0
78380	0.868852436542511
78381	1.0
78382	0.9272727370262146
78383	1.0
78384	1.0
78385	1.0
78386	1.0
78387	0.0071428571827709675
78388	1.0
78389	0.380952388048172
78391	0.8181818127632141
78392	0.5111111402511597
78393	0.6867470145225525
78394	0.02777777798473835
78416	0.37837839126586914
78418	0.13636364042758942
78420	0.6631016135215759
78421	0.8478260636329651
78422	0.97826087474823
78423	0.007692307699471712
78424	1.0
78428	1.0
78431	1.0
78432	1.0
78433	0.17073170840740204
78435	1.0
78436	1.0
78437	1.0
78439	1.0
78440	0.8565573692321777
78441	1.0
78444	1.0
78446	0.24060150980949402
78447	1.0
78450	1.0
78452	1.0
78454	1.0
78457	1.0
78458	0.25531914830207825
78465	0.5492957830429077
78468	0.07373271882534027
78470	1.0
78471	0.3408450782299042
78476	1.0
78479	0.4514285624027252
78485	0.822857141494751
78494	0.8439306616783142
78499	0.2822299599647522
78500	0.8143564462661743
78502	1.0
78503	0.15853658318519592
78508	0.9939024448394775
78509	1.0
78512	1.0
78513	0.5438596606254578
78514	0.8765432238578796
78517	0.42583730816841125
78518	1.0
78523	1.0
78524	1.0
78530	0.012345679104328156
78546	0.004545454401522875
78547	0.20967741310596466
78548	0.595588207244873
78550	0.9590163826942444
78552	0.25
78553	0.5271317958831787
78555	1.0
78556	0.08849557489156723
78558	0.9594594836235046
78559	1.0
78560	1.0
78561	1.0
78562	1.0
78563	0.03184713423252106
78564	1.0
78565	0.5745856165885925
78566	1.0
78567	1.0
78568	1.0
78570	1.0
78571	0.05056179687380791
78572	1.0
78573	0.8010203838348389
78574	0.19780220091342926
78575	1.0
78576	1.0
78577	1.0
78579	1.0
78581	1.0
78582	0.31496062874794006
78583	1.0
78584	1.0
78585	0.6238937973976135
78605	0.6842105388641357
78606	0.10447761416435242
78609	1.0
78610	1.0
78611	1.0
78612	0.4162162244319916
78613	0.1149425283074379
78616	0.010989011265337467
78617	0.5666666626930237
78619	0.7096773982048035
78620	0.28169015049934387
78621	1.0
78622	0.6931818127632141
78623	1.0
78624	0.782608687877655
78625	1.0
78626	1.0
78627	1.0
78628	0.868852436542511
78629	1.0
78630	1.0
78631	1.0
78632	1.0
78633	1.0
78635	1.0
78636	1.0
78637	1.0
78638	1.0
78639	0.037974681705236435
78640	1.0
78641	0.9418604373931885
78642	1.0
78643	1.0
78644	1.0
78647	0.9813084006309509
78651	0.23557692766189575
78653	0.3571428656578064
78654	0.03896103799343109
78656	0.03720930218696594
78657	1.0
78661	1.0
78662	1.0
78663	1.0
78664	0.3342939615249634
78665	0.46715328097343445
78666	1.0
78667	1.0
78668	1.0
78669	0.051948051899671555
78670	0.4653061330318451
78671	0.552763819694519
78672	0.2720588147640228
78674	0.01976284570991993
78676	0.012406948022544384
78679	0.16030533611774445
78682	0.7867035865783691
78685	1.0
78686	0.8959276080131531
78688	0.9399999976158142
78689	1.0
78691	0.0702875405550003
78694	0.30092594027519226
78695	1.0
78696	0.30980393290519714
78698	0.9642857313156128
78699	1.0
78702	0.12708333134651184
78703	0.9756097793579102
78704	0.42574256658554077
78708	0.5302197933197021
78711	0.37435898184776306
78712	0.19680851697921753
78713	0.9757084846496582
78729	0.006172839552164078
78730	1.0
78731	0.9140625
78733	1.0
78734	1.0
78736	0.6666666865348816
78740	0.977011501789093
78741	0.22727273404598236
78750	0.006211180239915848
78771	1.0
78772	0.017241379246115685
78773	0.010526316240429878
78776	0.3918918967247009
78777	1.0
78778	1.0
78779	1.0
78780	1.0
78781	1.0
78782	1.0
78783	0.19354838132858276
78784	1.0
78785	0.6555555462837219
78787	0.7599999904632568
78788	0.699999988079071
78790	0.020202020183205605
78815	0.6734693646430969
78818	0.9672130942344666
78823	0.1734693944454193
78824	1.0
78829	0.06363636255264282
78830	0.9934210777282715
78831	0.1492537260055542
78834	0.7663934230804443
78835	1.0
78836	0.5269922614097595
78837	1.0
78838	0.02626262605190277
78839	1.0
78840	0.690391480922699
78842	0.2434895783662796
78843	1.0
78846	0.47457626461982727
78849	0.9067460298538208
78851	0.25585585832595825
78854	0.208695650100708
78856	0.010204081423580647
78857	0.4829059839248657
78860	0.5543932914733887
78865	0.3466666638851166
78869	0.16778524219989777
78871	0.0025906735099852085
78873	0.01904761977493763
78874	0.15340909361839294
78875	0.4753086566925049
78880	0.2751091718673706
78883	0.724465548992157
78886	0.0833333358168602
78888	0.853164553642273
78889	0.1679999977350235
78896	0.9850746393203735
78902	0.6666666865348816
78906	1.0
78908	0.12359550595283508
78913	0.9863945841789246
78914	0.6415094137191772
78922	0.3377777636051178
78923	0.14444445073604584
78931	0.1428571492433548
78933	0.3973509967327118
78940	1.0
78942	0.7047619223594666
78946	0.760869562625885
78949	0.16867469251155853
78952	1.0
78953	1.0
78954	0.9631578922271729
78958	0.072727270424366
78965	0.9389312863349915
78966	0.40776699781417847
78968	1.0
78969	1.0
78971	0.2647058963775635
78972	1.0
78973	0.9272727370262146
78980	1.0
78983	1.0
78984	1.0
78985	0.9484536051750183
78987	1.0
78988	0.40243902802467346
78990	0.7733333110809326
78991	0.4712643623352051
78992	1.0
78993	0.13432836532592773
78994	0.8571428656578064
78996	0.41860464215278625
78997	0.37264150381088257
78998	1.0
79000	1.0
79001	1.0
79002	0.011278195306658745
79004	1.0
79006	1.0
79007	1.0
79008	0.539170503616333
79010	1.0
79011	0.17213115096092224
79012	0.9532710313796997
79016	1.0
79017	1.0
79018	1.0
79019	1.0
79021	0.8901098966598511
79023	0.7349397540092468
79024	0.7692307829856873
79026	1.0
79027	0.7708333134651184
79033	1.0
79034	0.004288164433091879
79035	0.8745704293251038
79036	0.37343358993530273
79037	0.5
79038	0.08524172753095627
79039	0.10185185074806213
79040	0.16871166229248047
79041	0.420560747385025
79042	0.7597253918647766
79043	1.0
79044	0.010309278033673763
79045	1.0
79050	0.35820895433425903
79052	0.20722433924674988
79057	0.2237762212753296
79061	0.004807692486792803
79064	0.7617865800857544
79068	0.8265582919120789
79073	1.0
79074	0.7660256624221802
79075	1.0
79076	1.0
79079	1.0
79080	0.9325068593025208
79081	1.0
79082	0.9768339991569519
79083	1.0
79084	1.0
79085	0.3610503375530243
79086	1.0
79087	0.06857142597436905
79089	0.9929701089859009
79090	1.0
79092	1.0
79093	1.0
79095	0.924924910068512
79096	1.0
79097	0.45679011940956116
79098	1.0
79099	1.0
79100	0.9875311851501465
79102	0.9172932505607605
79103	1.0
79104	1.0
79106	0.36725664138793945
79108	0.3777777850627899
79128	0.024539876729249954
79129	0.007130124606192112
79130	0.6116071343421936
79134	0.877828061580658
79135	0.8498896360397339
79136	1.0
79137	0.16149067878723145
79138	0.3390410840511322
79140	1.0
79141	1.0
79142	0.10638298094272614
79143	0.04137931019067764
79150	0.6769230961799622
79152	1.0
79153	1.0
79154	0.9227052927017212
79155	1.0
79158	1.0
79159	1.0
79160	0.3283582031726837
79162	1.0
79166	0.08241758495569229
79168	0.6038960814476013
79172	0.12844036519527435
79174	0.02654867246747017
79175	0.19368723034858704
79183	0.8557214140892029
79187	0.75
79189	0.14688128232955933
79195	0.036036036908626556
79196	0.03076923079788685
79199	0.649289071559906
79200	0.93113774061203
79202	0.24028268456459045
79203	1.0
79204	1.0
79206	1.0
79209	1.0
79210	1.0
79211	0.9038461446762085
79213	0.9580838084220886
79214	0.39485982060432434
79219	0.7222222089767456
79224	0.1621621549129486
79240	0.0486111119389534
79241	0.13698630034923553
79242	0.5336787700653076
79243	1.0
79245	0.11514393240213394
79246	1.0
79247	1.0
79250	1.0
79251	0.882758617401123
79252	1.0
79253	1.0
79255	1.0
79256	1.0
79257	1.0
79258	0.47058823704719543
79259	1.0
79260	1.0
79261	1.0
79264	0.5
79265	0.994535505771637
79270	0.16949152946472168
79274	0.17741934955120087
79275	0.9784482717514038
79278	0.4346504509449005
79279	0.075581394135952
79280	0.8419958353042603
79281	1.0
79282	0.9808428883552551
79285	1.0
79286	1.0
79289	1.0
79290	1.0
79291	1.0
79292	0.6897590160369873
79293	0.0058139534667134285
79294	0.18145956099033356
79295	0.20040079951286316
79306	0.16505791246891022
79308	0.005524862091988325
79310	0.09293680638074875
79312	0.04465709626674652
79314	0.3203883469104767
79315	0.7627737522125244
79317	1.0
79318	0.06543967127799988
79319	0.91629958152771
79322	1.0
79323	1.0
79324	0.01342281885445118
79327	1.0
79328	0.970588207244873
79329	1.0
79331	1.0
79332	1.0
79333	1.0
79334	0.9935064911842346
79335	1.0
79337	0.8560606241226196
79338	1.0
79339	1.0
79340	1.0
79341	0.4017341136932373
79342	0.9880239367485046
79343	1.0
79345	0.8301886916160583
79347	0.055045872926712036
79348	0.75
79349	0.6281406879425049
79355	0.04878048598766327
79367	0.25
79368	0.19897958636283875
79369	1.0
79370	0.5348837375640869
79371	1.0
79372	0.9672130942344666
79373	0.05653710290789604
79374	1.0
79375	1.0
79376	0.09271523356437683
79377	1.0
79378	0.9723502397537231
79379	0.02432432398200035
79380	0.23497267067432404
79381	1.0
79383	0.23417721688747406
79384	1.0
79387	0.45098039507865906
79388	1.0
79389	1.0
79391	1.0
79392	0.8429487347602844
79394	1.0
79397	0.9689119458198547
79403	0.10843373835086823
79413	0.19327731430530548
79415	0.6571018695831299
79421	0.0874524712562561
79423	0.07103825360536575
79425	1.0
79428	0.9479768872261047
79430	0.004166666883975267
79434	1.0
79435	1.0
79443	0.6205882430076599
79444	0.04615384712815285
79446	0.41860464215278625
79448	1.0
79449	0.01342281885445118
79451	0.9328858852386475
79459	0.028818443417549133
79464	1.0
79465	0.49635037779808044
79468	0.17670682072639465
79469	0.3539822995662689
79471	1.0
79472	1.0
79473	1.0
79474	0.37435898184776306
79475	0.9110320210456848
79478	0.3229166567325592
79481	0.04178272932767868
79489	0.07692307978868484
79496	0.3391304314136505
79498	0.4363636374473572
79502	1.0
79503	0.8831169009208679
79507	1.0
79509	0.7752808928489685
79512	0.807692289352417
79513	1.0
79517	1.0
79520	0.9389312863349915
79522	1.0
79524	0.8970588445663452
79525	1.0
79526	0.841269850730896
79527	0.01785714365541935
79529	1.0
79530	0.8267716765403748
79531	1.0
79532	1.0
79534	1.0
79535	1.0
79536	0.9909909963607788
79537	1.0
79539	0.4470588266849518
79541	0.875
79543	0.007936508394777775
79549	1.0
79550	0.978723406791687
79551	0.3378378450870514
79553	1.0
79554	1.0
79555	1.0
79557	1.0
79558	1.0
79559	1.0
79560	1.0
79562	0.9861111044883728
79563	1.0
79565	1.0
79566	0.5645161271095276
79567	1.0
79568	1.0
79569	1.0
79570	1.0
79571	1.0
79572	1.0
79575	1.0
79576	0.9025974273681641
79577	1.0
79579	0.2222222238779068
79595	0.8999999761581421
79604	1.0
79605	1.0
79606	0.7301587462425232
79610	0.16923077404499054
79611	0.095238097012043
79612	0.9607843160629272
79620	0.11320754885673523
79633	0.961904764175415
79634	0.5952380895614624
79636	1.0
79637	1.0
79638	1.0
79639	1.0
79640	0.1256544440984726
79641	0.8947368264198303
79642	0.7058823704719543
79644	0.053811658173799515
79655	0.16304348409175873
79660	0.9522058963775635
79662	0.25
79664	0.07692307978868484
79676	0.52601158618927
79677	1.0
79678	0.9230769276618958
79679	0.9672130942344666
79680	1.0
79681	1.0
79682	1.0
79683	1.0
79684	1.0
79685	1.0
79686	0.3636363744735718
79687	0.5
79688	0.6810810565948486
79689	1.0
79709	0.8461538553237915
79710	0.6575342416763306
79711	0.2931034564971924
79712	0.17741934955120087
79713	0.822429895401001
79715	0.010309278033673763
79716	1.0
79717	1.0
79718	1.0
79719	1.0
79721	1.0
79722	1.0
79723	1.0
79724	1.0
79725	0.342342346906662
79726	1.0
79727	0.3618420958518982
79728	1.0
79729	1.0
79730	1.0
79731	1.0
79733	1.0
79734	0.14000000059604645
79735	1.0
79738	0.9635627269744873
79739	0.41228070855140686
79743	1.0
79745	1.0
79746	0.7200000286102295
79747	1.0
79751	1.0
79752	0.7124999761581421
79755	0.11874999850988388
79764	0.015625
79788	0.7903226017951965
79790	0.07339449226856232
79791	1.0
79793	0.98591548204422
79803	0.03750000149011612
79804	0.017543859779834747
79811	0.22064056992530823
79814	0.811170220375061
79815	1.0
79818	0.9747899174690247
79819	0.9186046719551086
79821	1.0
79822	1.0
79823	0.9649122953414917
79825	1.0
79826	0.11274509876966476
79827	1.0
79828	0.9130434989929199
79834	0.4011799395084381
79835	1.0
79841	0.2247191071510315
79842	0.03999999910593033
79845	0.1354466825723648
79846	0.2783018946647644
79850	0.30670103430747986
79851	0.31466665863990784
79852	0.10915493220090866
79853	0.17419354617595673
79854	1.0
79855	1.0
79856	1.0
79857	1.0
79858	1.0
79859	1.0
79860	1.0
79861	1.0
79862	1.0
79863	0.22738386690616608
79864	0.8056871891021729
79865	0.14553990960121155
79866	0.0055555556900799274
79867	0.18018017709255219
79868	0.04198473319411278
79871	0.08695652335882187
79875	0.4099099040031433
79881	0.12167300283908844
79896	0.4691357910633087
79897	0.44329896569252014
79898	0.970588207244873
79899	1.0
79900	1.0
79901	1.0
79902	0.6607929468154907
79903	1.0
79904	1.0
79905	1.0
79906	1.0
79907	1.0
79908	1.0
79911	0.9850000143051147
79914	0.4057970941066742
79916	1.0
79923	0.01149425283074379
79925	0.6982758641242981
79926	1.0
79934	0.15000000596046448
79937	1.0
79938	1.0
79942	1.0
79943	0.2666666805744171
79947	1.0
79948	0.05050504952669144
79949	0.4868420958518982
79950	0.7083333134651184
79952	0.6470588445663452
79953	0.015384615398943424
79954	0.7121211886405945
79955	0.29230770468711853
79958	0.8571428656578064
79959	0.1735537201166153
79960	0.09929078072309494
79961	0.5339806079864502
79962	0.14778324961662292
79964	0.5607476830482483
79965	0.7819148898124695
79966	1.0
79969	0.5094339847564697
79971	1.0
79974	0.9940828680992126
79980	1.0
79994	0.012500000186264515
79995	0.01550387591123581
79996	0.6190476417541504
79997	0.518796980381012
79999	0.36125653982162476
80000	1.0
80001	0.3103448152542114
80002	1.0
80003	0.4146341383457184
80004	0.12101911008358002
80005	0.4933333396911621
80006	1.0
80007	1.0
80008	1.0
80009	1.0
80010	0.09836065769195557
80012	1.0
80013	1.0
80014	1.0
80016	0.43294116854667664
80017	1.0
80018	1.0
80022	0.3484162986278534
80026	1.0
80029	0.9368770718574524
80032	0.9750889539718628
80036	0.34161490201950073
80039	0.9619771838188171
80040	0.07894736528396606
80044	0.41904762387275696
80046	0.4861111044883728
80047	0.6666666865348816
80048	1.0
80052	0.48051947355270386
80053	1.0
80055	0.5134099721908569
80056	1.0
80065	1.0
80066	0.9469026327133179
80070	0.04845815151929855
80071	0.699999988079071
80079	0.39361703395843506
80086	0.9708737730979919
80090	0.7460317611694336
80094	0.07692307978868484
80095	1.0
80099	1.0
80101	1.0
80104	0.9652174115180969
80108	1.0
80109	0.9902912378311157
80113	0.6582278609275818
80114	0.9304347634315491
80115	1.0
80116	0.6164383292198181
80117	1.0
80118	1.0
80119	0.20945945382118225
80120	1.0
80123	0.5
80126	1.0
80127	0.3513513505458832
80130	0.8085106611251831
80135	0.008547008968889713
80157	0.06481481343507767
80159	0.5076923370361328
80160	0.2857142984867096
80161	0.6105263233184814
80162	1.0
80164	1.0
80167	0.9629629850387573
80168	1.0
80169	0.6265060305595398
80170	1.0
80171	1.0
80172	0.8529411554336548
80173	1.0
80175	0.2016129046678543
80177	0.3680555522441864
80180	1.0
80181	0.6693877577781677
80185	1.0
80188	0.2710280418395996
80190	0.1576763540506363
80191	0.1294642835855484
80193	0.07531380653381348
80194	0.1846921741962433
80195	1.0
80196	0.9117646813392639
80197	0.4306930601596832
80200	0.904411792755127
80201	1.0
80202	0.5789473652839661
80206	0.7870967984199524
80207	1.0
80208	1.0
80210	1.0
80211	1.0
80213	0.824999988079071
80215	0.20000000298023224
80217	0.7108433842658997
80219	1.0
80221	0.6690140962600708
80222	0.2611464858055115
80223	1.0
80224	1.0
80225	1.0
80226	1.0
80227	1.0
80228	0.7099999785423279
80229	0.9055555462837219
80230	0.6724137663841248
80231	0.131386861205101
80250	0.3614457845687866
80255	0.8689655065536499
80260	0.030075188726186752
80261	0.5916954874992371
80264	0.9019607901573181
80270	0.002994012087583542
80271	0.1130952388048172
80273	0.1931818127632141
80274	0.2753623127937317
80276	1.0
80280	0.8771929740905762
80281	1.0
80282	0.875
80283	0.43065693974494934
80285	0.9892183542251587
80290	1.0
80291	0.3527131676673889
80292	1.0
80297	0.8675957918167114
80298	0.6098901033401489
80300	0.42424243688583374
80302	0.4033898413181305
80304	0.1054852306842804
80306	0.4864864945411682
80309	1.0
80313	1.0
80314	0.6995305418968201
80316	1.0
80317	0.779411792755127
80318	1.0
80323	0.8275862336158752
80326	0.4511041045188904
80347	0.5116279125213623
80348	0.06741572916507721
80349	0.38785046339035034
80351	0.9181286692619324
80353	0.6363636255264282
80354	1.0
80355	1.0
80359	0.012048192322254181
80362	0.21153846383094788
80364	0.9024389982223511
80365	1.0
80367	0.8755555748939514
80372	0.07471264153718948
80375	0.7957446575164795
80377	1.0
80378	1.0
80379	0.9937106966972351
80380	0.028037382289767265
80382	1.0
80383	0.42424243688583374
80385	1.0
80386	1.0
80389	1.0
80390	0.6222222447395325
80391	0.6684492230415344
80393	0.913385808467865
80394	0.0396825410425663
80395	0.8634146451950073
80397	0.42786070704460144
80420	0.04604051634669304
80429	0.6502463221549988
80430	0.47491639852523804
80434	1.0
80435	0.9294478297233582
80459	0.1666666716337204
80464	0.05999999865889549
80465	0.5535714030265808
80466	1.0
80469	1.0
80483	0.6504064798355103
80486	0.8888888955116272
80487	1.0
80488	0.9677419066429138
80494	1.0
80495	0.7524752616882324
80496	1.0
80498	1.0
80499	0.9861111044883728
80503	1.0
80507	1.0
80510	0.9444444179534912
80511	0.9306930899620056
80513	1.0
80514	0.095238097012043
80515	0.10810811072587967
80518	1.0
80519	0.4000000059604645
80523	0.11428571492433548
80527	0.18918919563293457
80529	0.1071428582072258
80530	0.1764705926179886
80533	1.0
80540	0.8861788511276245
80547	0.3196721374988556
80550	1.0
80555	0.09876543283462524
80556	0.08080808073282242
80557	0.40495866537094116
80560	0.8500000238418579
80562	0.32673266530036926
80564	0.007299270015209913
80565	1.0
80568	1.0
80570	0.822429895401001
80572	1.0
80584	1.0
80585	0.19565217196941376
80586	1.0
80592	0.6636363863945007
80595	0.8168168067932129
80598	0.3128834366798401
80618	0.28125
80619	0.08799999952316284
80620	0.029411764815449715
80624	0.9041095972061157
80625	0.11999999731779099
80634	1.0
80635	0.3510638177394867
80639	0.8536585569381714
80642	0.5833333134651184
80643	0.24528302252292633
80650	0.4655172526836395
80652	0.025641025975346565
80653	0.9886363744735718
80654	1.0
80655	0.6666666865348816
80657	1.0
80658	1.0
80659	1.0
80660	1.0
80664	1.0
80666	0.7516778707504272
80667	1.0
80671	0.07000000029802322
80672	0.22834645211696625
80676	0.31081080436706543
80678	0.5258620977401733
80682	0.5310344696044922
80686	0.8095238208770752
80687	1.0
80691	0.011627906933426857
80693	0.3199999928474426
80694	1.0
80695	1.0
80696	0.4921875
80697	0.8318583965301514
80698	1.0
80699	1.0
80700	1.0
80701	0.7333333492279053
80702	0.8518518805503845
80704	1.0
80705	1.0
80706	0.014285714365541935
80707	0.5462962985038757
80708	0.4597701132297516
80709	1.0
80710	0.0422535203397274
80712	0.13793103396892548
80730	0.008771929889917374
80745	0.2210526317358017
80747	0.6666666865348816
80748	0.06557376682758331
80750	1.0
80751	0.39393940567970276
80759	0.22466960549354553
80762	1.0
80765	1.0
80766	0.23255814611911774
80769	1.0
80770	0.6483516693115234
80774	0.04477611929178238
80775	0.5126903653144836
80776	0.5617977380752563
80781	0.1551724076271057
80782	0.8257575631141663
80783	0.4150943458080292
80784	0.8534482717514038
80785	0.06451612710952759
80788	0.5505050420761108
80820	0.4000000059604645
80823	0.3483146131038666
80824	0.08749999850988388
80825	0.22641509771347046
80826	0.695652186870575
80828	0.18888889253139496
80831	1.0
80832	1.0
80841	0.5913978219032288
80878	0.4897959232330322
80879	0.8441558480262756
80880	0.2153846174478531
80881	0.7027027010917664
80882	0.849056601524353
80885	1.0
80886	1.0
80887	1.0
80891	0.2448979616165161
80895	0.010416666977107525
80912	0.7727272510528564
80913	0.7473683953285217
80914	0.949367105960846
80915	0.9074074029922485
80916	0.190476194024086
80918	0.17391304671764374
80919	1.0
80920	1.0
80921	1.0
80922	1.0
80923	1.0
80924	1.0
80925	1.0
80926	0.5735294222831726
80927	0.8686131238937378
80928	0.0731707289814949
80936	1.0
80937	0.7547169923782349
80938	0.4912280738353729
80939	0.18292683362960815
80942	0.3651685416698456
80944	0.00566572230309248
80949	0.07119741290807724
80952	0.06546275317668915
80962	1.0
80964	0.9415204524993896
80966	1.0
80967	0.10880828648805618
80968	0.07182320207357407
80969	0.8522336483001709
80974	0.8999999761581421
80976	0.017391303554177284
80978	0.4193548262119293
80979	0.9073171019554138
80980	0.06142506003379822
80983	1.0
80984	0.01587301678955555
80986	1.0
80987	0.45299145579338074
80989	1.0
80990	1.0
80992	1.0
80993	1.0
80994	0.1111111119389534
80997	0.8399999737739563
80998	1.0
81000	1.0
81001	1.0
81002	0.5454545617103577
81004	1.0
81005	1.0
81007	1.0
81008	1.0
81009	0.23199999332427979
81010	1.0
81011	1.0
81013	1.0
81014	1.0
81015	0.6482758522033691
81016	1.0
81017	0.14814814925193787
81019	1.0
81020	1.0
81021	1.0
81022	0.0833333358168602
81023	1.0
81025	0.3978494703769684
81026	1.0
81027	0.7684210538864136
81028	1.0
81031	0.9795918464660645
81033	1.0
81034	1.0
81035	1.0
81036	1.0
81037	1.0
81040	1.0
81041	1.0
81042	0.2238806039094925
81043	0.9649122953414917
81045	1.0
81046	0.5964912176132202
81047	1.0
81048	0.649402379989624
81049	1.0
81050	1.0
81052	1.0
81053	1.0
81055	1.0
81056	0.027272727340459824
81057	0.9888888597488403
81060	0.4308510720729828
81065	0.7714285850524902
81066	0.9226190447807312
81067	0.03614457696676254
81068	0.04716981202363968
81069	1.0
81070	0.6748466491699219
81073	0.03448275849223137
81075	0.013782542198896408
81078	0.35440611839294434
81079	0.15748031437397003
81080	0.12580645084381104
81081	1.0
81082	0.6701570749282837
81083	0.8716707229614258
81084	1.0
81085	0.3464052379131317
81086	0.49794238805770874
81087	0.6942148804664612
81090	0.7341772317886353
81091	0.15639810264110565
81092	0.5441176295280457
81094	0.060975611209869385
81095	0.5870646834373474
81097	0.30882352590560913
81098	0.05400000140070915
81099	0.01822916604578495
81100	0.9899497628211975
81108	0.7881773114204407
81113	0.06422018259763718
81114	0.011673151515424252
81116	0.8309037685394287
81118	0.284246563911438
81119	0.05976095795631409
81123	0.3802816867828369
81124	0.035874441266059875
81125	0.9598108530044556
81126	0.7900763154029846
81127	1.0
81130	0.6928104758262634
81131	0.8841010332107544
81133	1.0
81135	1.0
81136	0.8189473748207092
81138	0.9818181991577148
81140	0.9861111044883728
81141	0.007092198356986046
81142	0.39256197214126587
81143	0.44081631302833557
81144	0.15530303120613098
81147	0.8649789094924927
81150	0.35608309507369995
81153	0.06506849080324173
81157	0.009966777637600899
81158	0.1392694115638733
81159	0.11931817978620529
81160	0.101408451795578
81192	0.03125
81194	0.6470588445663452
81197	0.9622641801834106
81198	0.9571428298950195
81199	0.6883116960525513
81202	0.06493506580591202
81203	0.6756756901741028
81204	0.017391303554177284
81205	1.0
81222	0.6451612710952759
81223	0.7118644118309021
81224	0.06666667014360428
81227	0.054054055362939835
81244	0.39316239953041077
81247	0.49180328845977783
81250	0.5211267471313477
81253	0.1428571492433548
81254	0.9159663915634155
81257	1.0
81258	1.0
81259	1.0
81262	0.028985507786273956
81263	1.0
81264	1.0
81265	1.0
81266	0.036036036908626556
81267	1.0
81270	1.0
81271	1.0
81273	1.0
81274	1.0
81276	1.0
81277	1.0
81278	1.0
81279	1.0
81280	1.0
81281	1.0
81291	0.01923076994717121
81292	0.8383838534355164
81293	0.8807947039604187
81294	1.0
81295	1.0
81297	0.949367105960846
81298	1.0
81299	1.0
81300	1.0
81301	1.0
81302	1.0
81303	0.8947368264198303
81305	1.0
81306	1.0
81307	0.7830508351325989
81308	0.10891088843345642
81309	1.0
81310	1.0
81311	1.0
81312	1.0
81313	1.0
81314	1.0
81315	1.0
81316	1.0
81317	0.8653846383094788
81321	1.0
81322	0.1111111119389534
81323	0.9852941036224365
81324	1.0
81325	0.46875
81327	0.0625
81328	0.12765957415103912
81331	1.0
81332	0.06122449040412903
81333	0.6578947305679321
81334	1.0
81340	0.1111111119389534
81345	0.9051724076271057
81348	0.9770992398262024
81350	0.01315789483487606
81358	0.17073170840740204
81364	0.8285714387893677
81365	1.0
81367	1.0
81368	1.0
81369	0.5569620132446289
81370	1.0
81371	1.0
81372	1.0
81373	1.0
81374	0.32258063554763794
81378	0.7510373592376709
81380	0.3273942172527313
81381	0.10724637657403946
81383	0.9746514558792114
81384	0.6211267709732056
81385	0.905572772026062
81386	0.030219780281186104
81388	0.5475578308105469
81389	0.559907853603363
81390	0.39896371960639954
81391	0.14780600368976593
81392	0.5326732397079468
81393	0.49732619524002075
81395	0.7209302186965942
81396	0.9076923131942749
81400	0.4590163826942444
81401	0.1792207807302475
81402	0.30000001192092896
81405	0.06481481343507767
81408	0.13026820123195648
81409	0.12985274195671082
81410	0.4265232980251312
81411	0.16588784754276276
81413	0.09110628813505173
81414	0.8788819909095764
81415	0.03529411926865578
81416	0.2734375
81417	0.056751467287540436
81420	0.022675737738609314
81421	0.01056338008493185
81422	0.11656441539525986
81424	0.0024999999441206455
81425	0.6195651888847351
81427	0.8924731016159058
81429	0.7415730357170105
81430	0.9731183052062988
81431	0.5081967115402222
81433	0.6111111044883728
81434	1.0
81436	1.0
81437	0.008849557489156723
81439	1.0
81440	1.0
81442	0.5427728891372681
81443	0.9166666865348816
81444	1.0
81445	0.8635477423667908
81446	1.0
81447	0.01621621660888195
81448	1.0
81449	0.004338394850492477
81450	1.0
81451	0.11308203637599945
81452	1.0
81453	0.9892473220825195
81454	0.3017241358757019
81455	0.5485564470291138
81456	0.34536081552505493
81457	0.12217194586992264
81460	0.4293304979801178
81480	0.03448275849223137
81485	0.09615384787321091
81488	0.03947368264198303
81489	0.8904109597206116
81493	1.0
81495	1.0
81496	0.6373626589775085
81497	1.0
81501	1.0
81502	1.0
81503	0.9607843160629272
81507	1.0
81508	1.0
81510	1.0
81512	1.0
81513	1.0
81514	0.9137930870056152
81515	1.0
81516	1.0
81518	1.0
81519	0.60317462682724
81546	1.0
81547	0.7419354915618896
81548	0.28703704476356506
81554	0.9767441749572754
81557	1.0
81558	0.9491525292396545
81560	1.0
81561	0.3769230842590332
81562	1.0
81564	1.0
81566	1.0
81567	1.0
81570	1.0
81572	1.0
81573	0.7166666388511658
81574	1.0
81576	0.8314606547355652
81583	0.7428571581840515
81586	0.012345679104328156
81613	0.02500000037252903
81616	0.09259258955717087
81618	0.3827160596847534
81619	1.0
81620	0.2222222238779068
81623	1.0
81624	1.0
81626	0.15000000596046448
81627	1.0
81628	1.0
81629	1.0
81632	1.0
81633	1.0
81635	1.0
81637	1.0
81638	1.0
81639	0.9754098653793335
81640	1.0
81641	1.0
81644	1.0
81645	1.0
81646	0.6376811861991882
81647	1.0
81649	0.3205128312110901
81650	0.591549277305603
81657	0.7692307829856873
81676	0.051948051899671555
81678	0.37142857909202576
81679	0.5777778029441833
81683	0.4166666567325592
81688	1.0
81689	0.9733333587646484
81693	1.0
81695	1.0
81697	1.0
81698	1.0
81700	1.0
81701	0.6857143044471741
81702	1.0
81703	1.0
81706	1.0
81707	1.0
81709	1.0
81710	1.0
81711	0.021276595070958138
81712	1.0
81713	1.0
81715	0.8359375
81722	0.6774193644523621
81723	0.3478260934352875
81726	0.027027027681469917
81730	0.1463414579629898
81731	1.0
81732	0.9807692170143127
81734	0.02857142873108387
81737	0.4761904776096344
81741	0.9879518151283264
81743	1.0
81744	1.0
81746	1.0
81748	0.11016949266195297
81749	1.0
81750	0.9411764740943909
81751	1.0
81755	1.0
81758	0.5583333373069763
81761	0.9818181991577148
81764	1.0
81766	1.0
81768	0.9440000057220459
81770	0.4021739065647125
81777	0.4385964870452881
81778	1.0
81779	1.0
81781	1.0
81782	0.7808219194412231
81783	1.0
81785	0.4524886906147003
81786	1.0
81790	0.9157894849777222
81791	0.6684210300445557
81792	1.0
81799	0.31322506070137024
81801	0.05743243172764778
81804	0.0060606058686971664
81807	0.12087912112474442
81815	0.8918918967247009
81819	1.0
81820	0.9047619104385376
81821	0.790123462677002
81822	1.0
81823	1.0
81851	0.08474576473236084
81853	0.47999998927116394
81855	1.0
81856	0.8108108043670654
81857	0.9677419066429138
81858	0.9629629850387573
81859	0.15789473056793213
81860	1.0
81861	1.0
81862	1.0
81863	1.0
81864	1.0
81865	1.0
81866	1.0
81867	1.0
81868	1.0
81871	0.7542372941970825
81882	0.9444444179534912
81889	0.6474820375442505
81890	0.23076923191547394
81893	0.03999999910593033
81896	0.5144927501678467
81898	0.061349693685770035
81900	1.0
81902	1.0
81904	1.0
81905	1.0
81906	0.9807692170143127
81909	1.0
81912	1.0
81914	1.0
81915	1.0
81917	0.03703703731298447
81918	1.0
81919	1.0
81920	1.0
81921	1.0
81922	1.0
81927	1.0
81928	1.0
81929	0.9674796462059021
81934	1.0
81935	0.9166666865348816
81936	1.0
81940	0.8618784546852112
81944	1.0
81946	1.0
81947	1.0
81949	0.9603174328804016
81950	0.04854368790984154
81952	1.0
81953	1.0
81955	0.08888889104127884
81956	1.0
81957	1.0
81959	0.3076923191547394
81960	0.835616409778595
81962	0.6418918967247009
81964	1.0
81967	1.0
81969	0.3466666638851166
81971	1.0
81973	1.0
81976	0.09420289844274521
81986	0.1428571492433548
81987	0.9104477763175964
81989	0.5070422291755676
81990	0.37712520360946655
81991	0.11578947305679321
81992	0.3197556138038635
81993	0.23092783987522125
81994	0.13494808971881866
81996	0.0018484288593754172
81997	0.004032257944345474
81998	0.43264248967170715
82000	0.09457092732191086
82001	0.44748201966285706
82002	0.8585858345031738
82003	0.1787819266319275
82005	0.7616580128669739
82008	1.0
82011	0.016293279826641083
82012	0.7264957427978516
82013	0.3789173662662506
82014	0.0634615421295166
82015	0.03680000081658363
82016	0.10000000149011612
82018	0.011312217451632023
82019	1.0
82020	0.27906978130340576
82021	0.5562201142311096
82023	0.8125
82024	0.011695906519889832
82026	0.5723830461502075
82028	0.8666666746139526
82031	0.7796609997749329
82032	1.0
82033	0.8957703709602356
82034	1.0
82035	0.7301980257034302
82036	0.38041430711746216
82038	0.09192200750112534
82039	0.7264957427978516
82040	1.0
82041	0.5333333611488342
82042	1.0
82045	0.03041825070977211
82047	0.6567796468734741
82048	1.0
82049	1.0
82050	0.9105691313743591
82051	0.014545454643666744
82054	0.19346049427986145
82056	0.017783857882022858
82057	0.1314878910779953
82062	0.7296222448348999
82063	0.008676789700984955
82064	0.13416536152362823
82066	0.05220883712172508
82068	1.0
82069	1.0
82070	0.6747967600822449
82071	1.0
82072	1.0
82073	1.0
82076	1.0
82077	1.0
82079	0.4972677528858185
82080	1.0
82083	1.0
82084	1.0
82086	1.0
82088	1.0
82091	0.06329113990068436
82092	1.0
82093	1.0
82094	1.0
82096	0.25600001215934753
82098	1.0
82099	0.9370078444480896
82100	0.32258063554763794
82101	1.0
82103	0.8703703880310059
82110	0.1785714328289032
82116	0.012987012974917889
82138	0.016949152573943138
82139	0.012987012974917889
82142	0.8979591727256775
82145	0.02512562833726406
82148	1.0
82149	0.9931034445762634
82150	0.6064516305923462
82152	0.04237288236618042
82154	0.8734939694404602
82155	0.8723404407501221
82159	1.0
82162	0.6595744490623474
82166	1.0
82175	1.0
82176	1.0
82179	0.9952152967453003
82180	0.10141509771347046
82183	0.5747126340866089
82184	1.0
82187	1.0
82190	0.9809523820877075
82195	0.014925372786819935
82198	1.0
82205	0.6202531456947327
82206	0.46666666865348816
82208	0.6756756901741028
82210	0.08095238357782364
82213	1.0
82214	1.0
82219	0.09090909361839294
82220	0.8035714030265808
82221	0.057692307978868484
82223	1.0
82226	1.0
82229	1.0
82230	0.4189189076423645
82231	0.949999988079071
82232	1.0
82233	1.0
82234	0.6190476417541504
82235	1.0
82236	1.0
82239	1.0
82240	0.01342281885445118
82241	0.8144329786300659
82242	0.2551020383834839
82248	0.06395348906517029
82250	0.7571669220924377
82251	1.0
82252	0.45840707421302795
82253	1.0
82254	0.5988200306892395
82255	1.0
82260	1.0
82261	0.30843374133110046
82266	0.9056179523468018
82267	0.7894737124443054
82268	0.20247933268547058
82269	0.8525345325469971
82270	1.0
82271	1.0
82274	0.3881579041481018
82275	0.43111109733581543
82283	0.11702127754688263
82315	0.29629629850387573
82319	0.557894766330719
82320	0.8313252925872803
82325	0.11864406615495682
82326	1.0
82327	1.0
82328	1.0
82329	0.05882352963089943
82330	0.6823529601097107
82331	1.0
82332	0.9269406199455261
82335	1.0
82336	0.790123462677002
82339	1.0
82340	0.42105263471603394
82343	1.0
82344	0.782608687877655
82346	1.0
82347	1.0
82348	0.9256756901741028
82349	0.5537189841270447
82352	1.0
82354	0.5138888955116272
82355	0.9473684430122375
82357	0.9599999785423279
82358	0.9714285731315613
82370	0.01515151560306549
82388	0.7906976938247681
82389	0.042553190141916275
82397	0.31460675597190857
82398	0.36554622650146484
82400	0.005847953259944916
82401	1.0
82402	1.0
82403	0.7096773982048035
82405	1.0
82406	1.0
82407	1.0
82408	1.0
82410	1.0
82411	1.0
82412	1.0
82414	1.0
82415	1.0
82416	1.0
82417	0.7358490824699402
82419	1.0
82420	1.0
82421	0.18987341225147247
82422	1.0
82423	1.0
82424	0.8571428656578064
82425	0.9746835231781006
82426	1.0
82427	0.15909090638160706
82429	1.0
82432	0.3731343150138855
82435	0.4285714328289032
82437	0.1527777761220932
82438	0.08791209012269974
82470	0.10000000149011612
82474	1.0
82475	0.09756097197532654
82476	1.0
82477	1.0
82478	1.0
82480	1.0
82481	1.0
82483	1.0
82484	0.23529411852359772
82485	1.0
82486	1.0
82487	1.0
82488	0.695652186870575
82490	1.0
82492	1.0
82493	1.0
82494	1.0
82495	1.0
82497	1.0
82499	1.0
82500	1.0
82501	1.0
82502	0.4583333432674408
82506	1.0
82507	1.0
82508	1.0
82511	0.10843373835086823
82512	0.6760563254356384
82513	1.0
82515	0.3658536672592163
82530	0.24407583475112915
82531	0.2857142984867096
82534	0.14177215099334717
82535	0.8368794322013855
82537	0.9424920082092285
82538	0.1900826394557953
82539	0.9809523820877075
82540	0.9067796468734741
82543	0.6623794436454773
82544	0.9057971239089966
82545	0.0077720205299556255
82546	0.05917159840464592
82547	0.533088207244873
82549	0.4651162922382355
82553	0.7915194630622864
82554	0.6528925895690918
82555	0.2989247441291809
82556	0.012820512987673283
82557	0.13294798135757446
82559	0.581589937210083
82560	0.9140186905860901
82561	0.2871287167072296
82562	0.9775280952453613
82563	0.0670926496386528
82564	0.9275362491607666
82565	0.9348534345626831
82566	0.4000000059604645
82568	1.0
82569	0.7920792102813721
82570	0.6017699241638184
82571	1.0
82574	0.009302325546741486
82576	0.9932885766029358
82577	0.04059040546417236
82578	0.06973293423652649
82579	0.4990439713001251
82582	0.002770083025097847
82583	0.018050542101264
82587	0.11074918508529663
82588	0.9750000238418579
82591	1.0
82592	1.0
82593	1.0
82594	0.9844961166381836
82596	1.0
82597	1.0
82598	0.2361111044883728
82602	1.0
82603	1.0
82604	1.0
82605	1.0
82607	0.6666666865348816
82608	1.0
82609	1.0
82610	0.12121212482452393
82611	1.0
82612	1.0
82613	1.0
82614	0.8350515365600586
82615	1.0
82616	1.0
82619	1.0
82620	0.05454545468091965
82621	1.0
82622	0.21276596188545227
82625	0.5600000023841858
82626	0.9666666388511658
82627	0.7352941036224365
82628	0.34057971835136414
82629	0.009999999776482582
82636	0.3684210479259491
82637	1.0
82640	0.5648148059844971
82641	1.0
82645	0.03333333507180214
82647	0.9555555582046509
82653	0.03999999910593033
82654	0.6612903475761414
82658	1.0
82662	0.6363636255264282
82686	1.0
82687	1.0
82688	1.0
82689	0.9444444179534912
82692	1.0
82693	1.0
82694	0.28947368264198303
82700	1.0
82701	1.0
82702	1.0
82703	1.0
82704	1.0
82712	0.095238097012043
82715	0.26451611518859863
82718	0.12941177189350128
82727	0.6495726704597473
82729	0.1082802563905716
82730	0.13317756354808807
82733	1.0
82735	0.9571428298950195
82738	0.9322034120559692
82739	1.0
82742	0.5652173757553101
82745	0.8169013857841492
82748	1.0
82749	1.0
82750	1.0
82753	0.13725490868091583
82754	1.0
82755	1.0
82756	0.125
82757	1.0
82759	0.9433962106704712
82761	0.9139344096183777
82763	0.671875
82767	1.0
82770	0.03750000149011612
82771	0.48965516686439514
82773	0.9333333373069763
82775	0.9875776171684265
82776	0.0154440151527524
82778	1.0
82779	0.24380165338516235
82780	1.0
82782	1.0
82784	1.0
82785	0.3611111044883728
82786	0.2781457006931305
82788	0.11261261254549026
82791	1.0
82792	0.011857707053422928
82793	0.9462365508079529
82794	0.6944444179534912
82796	0.6388888955116272
82797	0.13333334028720856
82799	0.7457627058029175
82800	0.23577235639095306
82802	0.12765957415103912
82803	0.3030303120613098
82804	0.11480362713336945
82805	1.0
82811	0.4063444137573242
82812	0.0379146933555603
82813	0.8156028389930725
82816	0.9662337899208069
82817	1.0
82818	0.6497064828872681
82819	0.0904255285859108
82821	0.6496350169181824
82822	0.8313725590705872
82823	0.002816901309415698
82824	0.07480315119028091
82828	1.0
82829	0.6569148898124695
82830	0.15789473056793213
82831	0.11695906519889832
82834	0.10958904027938843
82835	0.0035211266949772835
82838	0.32549020648002625
82840	0.4920634925365448
82841	0.3181818127632141
82842	0.21245421469211578
82844	1.0
82846	0.8541666865348816
82850	0.3380281627178192
82853	0.05999999865889549
82893	0.3103448152542114
82894	0.11578947305679321
82896	0.2461538463830948
82902	0.9883720874786377
82905	0.9591836929321289
82908	0.22727273404598236
82909	0.11999999731779099
82912	0.6666666865348816
82916	1.0
82919	0.9740259647369385
82922	0.6626505851745605
82923	0.49275362491607666
82925	1.0
82926	1.0
82927	1.0
82928	0.9752066135406494
82930	1.0
82931	1.0
82932	1.0
82933	0.9870129823684692
82934	1.0
82935	0.7341772317886353
82938	1.0
82939	0.5526315569877625
82940	1.0
82942	0.05545617267489433
82943	0.8975903391838074
82946	0.28143712878227234
82947	0.4553571343421936
82948	0.03656821325421333
82951	0.8223495483398438
82952	0.021292217075824738
82953	0.208480566740036
82956	0.02295081876218319
82957	0.2552783191204071
82958	0.39056605100631714
82959	0.10526315867900848
82960	0.2142857164144516
82961	0.31908831000328064
82962	0.05543709918856621
82967	0.03990025073289871
82968	0.6388888955116272
82970	0.03835616260766983
82971	0.033898305147886276
82972	0.8999999761581421
82973	0.991150438785553
82974	0.9623931646347046
82975	0.24279211461544037
82977	1.0
82978	1.0
82979	1.0
82980	0.35269710421562195
82981	1.0
82982	0.6747967600822449
82983	0.5136186480522156
82984	0.7286063432693481
82986	0.06081081181764603
82988	0.14416475594043732
82994	0.07743658125400543
82995	0.09063444286584854
82996	0.49554896354675293
82999	0.311740905046463
83000	0.012084592133760452
83001	0.0181818176060915
83004	0.9205397367477417
83005	0.35672515630722046
83006	0.9878787994384766
83007	0.6560846567153931
83008	0.03086419776082039
83009	0.2730158865451813
83010	0.001912045874632895
83013	0.0018587360391393304
83014	0.019999999552965164
83015	0.22857142984867096
83016	0.8594674468040466
83017	0.2361111044883728
83020	0.06666667014360428
83021	0.09107806533575058
83024	0.3361629843711853
83026	0.040909089148044586
83027	0.12452830374240875
83028	1.0
83029	0.049504950642585754
83030	0.2736486494541168
83031	0.6732394099235535
83032	1.0
83034	0.15938302874565125
83035	1.0
83036	1.0
83037	0.13793103396892548
83039	1.0
83040	0.7647058963775635
83041	0.9975669384002686
83042	1.0
83043	1.0
83044	1.0
83045	0.8266666531562805
83046	1.0
83048	0.9909909963607788
83049	1.0
83050	0.10289855301380157
83051	0.9007092118263245
83052	0.7678571343421936
83055	0.009999999776482582
83207	0.6464285850524902
83208	0.3607305884361267
83210	0.9767441749572754
83211	0.04938271641731262
83212	0.32278481125831604
83213	1.0
83214	0.789625346660614
83215	0.8736842274665833
83216	0.21482889354228973
83218	0.5201149582862854
83219	0.3550295829772949
83221	0.015306122601032257
83222	0.08483290672302246
83387	0.008746355772018433
83400	0.31419938802719116
83402	0.9312638640403748
83410	0.26747721433639526
83432	0.025157231837511063
83502	0.0069444444961845875
83503	0.012145749293267727
83504	0.08974359184503555
83507	0.9176030158996582
83510	1.0
83511	0.9801324605941772
83513	0.4615384638309479
83514	0.03618421033024788
83515	1.0
83519	1.0
83520	0.08235294371843338
83523	0.9904458522796631
83527	0.991304337978363
83528	1.0
83530	1.0
83532	0.6412556171417236
83534	0.9016393423080444
83535	0.6576271057128906
83543	0.13857142627239227
83545	1.0
83568	0.37223973870277405
83640	0.17307692766189575
83641	0.6944444179534912
83650	0.39406779408454895
83664	0.036866359412670135
83674	0.017191976308822632
86244	0.10106383264064789
86288	0.005102040711790323
86293	0.5849056839942932
86295	0.892241358757019
86481	1.0
86482	0.8999999761581421
86483	0.09890110045671463
86484	0.027397260069847107
86489	1.0
86490	0.28787878155708313
86496	1.0
86503	1.0
86504	0.24637681245803833
86510	0.34375
86511	0.21118012070655823
86514	0.3348837196826935
86515	0.7894737124443054
86516	0.6970954537391663
86517	0.9921875
86518	1.0
86520	1.0
86522	0.9223300814628601
86523	0.8905109763145447
86524	1.0
86525	1.0
86526	1.0
86527	0.019999999552965164
86528	0.5081967115402222
86529	1.0
86530	0.6537102460861206
86531	1.0
86532	1.0
86533	1.0
86534	0.9795918464660645
86535	1.0
86536	0.06214689090847969
86537	0.7714285850524902
86538	0.3029197156429291
86540	0.1061224490404129
86547	0.7164948582649231
86570	0.6330274939537048
86571	0.011029412038624287
86574	0.4805653691291809
86575	0.8881788849830627
86578	0.3853658437728882
86579	1.0
86580	1.0
86585	0.6111111044883728
86587	1.0
86588	1.0
86589	0.4872727394104004
86592	0.8311688303947449
86594	0.075396828353405
86598	1.0
86599	0.005988024175167084
86600	0.125
86603	0.5538461804389954
86605	0.4911242723464966
87317	0.06896551698446274
87320	0.09625668078660965
87322	0.13756613433361053
87331	0.45652174949645996
87332	0.3333333432674408
87334	0.9559228420257568
87336	0.006451612804085016
87339	0.48148149251937866
87342	0.8115384578704834
87343	0.020408162847161293
87344	0.0784313753247261
87349	0.01666666753590107
87361	0.37599998712539673
87362	1.0
87364	0.008163264952600002
87365	1.0
87424	0.05345911905169487
87428	0.19111111760139465
87429	0.9734513163566589
87430	0.9063360691070557
87431	0.239130437374115
87433	0.017182130366563797
87435	0.6201550364494324
87437	1.0
87439	0.8249027132987976
87440	1.0
87441	0.7624521255493164
87442	1.0
87444	0.07647059112787247
87445	1.0
87447	1.0
87448	0.12183908373117447
87449	1.0
87450	1.0
87451	0.3827160596847534
87452	1.0
87453	0.6591549515724182
87456	0.19230769574642181
87459	0.1846153885126114
87461	1.0
87462	0.15189872682094574
87463	0.8779069781303406
87464	0.2677595615386963
87471	0.9748427867889404
87615	0.017421603202819824
87616	0.025806451216340065
87618	1.0
87621	0.6904761791229248
87625	0.42696627974510193
87630	1.0
87635	0.2199999988079071
87636	0.9860464930534363
87638	0.1071428582072258
87647	0.8390243649482727
87648	1.0
87651	1.0
87658	0.9622641801834106
87664	0.2211981564760208
87665	1.0
87667	1.0
87682	0.14864864945411682
87795	0.049618322402238846
87798	0.5230769515037537
87799	0.9205297827720642
87800	0.5876923203468323
87802	0.11235955357551575
87803	0.8385650515556335
87804	0.02947845868766308
87805	1.0
87806	1.0
87807	1.0
87808	1.0
87809	1.0
87810	1.0
87811	0.9910314083099365
87812	1.0
87813	0.3629629611968994
87814	0.9263157844543457
87815	1.0
87816	0.06167401000857353
87817	1.0
87818	0.9200000166893005
87819	0.28999999165534973
87821	0.005524862091988325
87822	0.06926406919956207
87823	0.9090909361839294
87828	1.0
87829	0.38053098320961
87838	0.04054053872823715
87839	0.8095238208770752
87840	1.0
87841	0.7111913561820984
87842	0.260869562625885
87844	0.03333333507180214
87848	1.0
88575	0.03401360660791397
88577	0.33183857798576355
88593	0.7625570893287659
88597	0.9726443886756897
88633	0.569767415523529
88634	1.0
88635	1.0
88636	1.0
88637	0.20588235557079315
88638	0.6231343150138855
88643	0.16129031777381897
88646	0.12918660044670105
88649	0.7300000190734863
88650	0.14325068891048431
88651	0.8764045238494873
88652	0.9328858852386475
88671	0.8059701323509216
88682	0.16883116960525513
88688	0.895061731338501
88694	0.5267175436019897
88695	0.007936508394777775
89207	0.3914209008216858
89208	0.9372822046279907
89209	1.0
89210	1.0
89211	0.9364407062530518
89212	0.9971264600753784
89213	1.0
89215	0.017204301431775093
89216	0.005509641952812672
89219	0.023391813039779663
89320	0.9518072009086609
89321	1.0
89322	1.0
89324	1.0
89327	1.0
89328	0.9242424368858337
89331	0.31738436222076416
89332	0.5756880640983582
89335	0.3841463327407837
89338	0.1257142871618271
89339	0.42635658383369446
89341	0.03030303120613098
89347	1.0
89348	0.5517241358757019
89349	0.9666666388511658
89376	0.16853933036327362
89377	0.7113401889801025
89379	0.7190332412719727
89380	0.9965753555297852
89381	0.1517857164144516
89387	0.2163742631673813
89391	1.0
89395	0.2753623127937317
90142	0.3187251091003418
90143	0.06372549384832382
90146	0.8326359987258911
90149	0.9834024906158447
90150	1.0
90152	0.4819672107696533
90153	0.35757574439048767
90154	0.3243243098258972
90155	0.13227513432502747
90156	1.0
90159	0.7607361674308777
90162	0.1541353315114975
90164	1.0
90166	1.0
90168	0.9979252815246582
90171	0.3082437217235565
90173	1.0
90176	0.7168141603469849
90178	0.09426229447126389
90182	0.0181818176060915
90183	0.970059871673584
90187	0.1090909093618393
90188	0.4444444477558136
90189	0.6123595237731934
90190	1.0
90191	0.2409638613462448
90192	0.13617020845413208
90193	0.9058524370193481
90194	1.0
90196	0.5963060855865479
90197	0.007957560010254383
90199	0.2492917776107788
90200	0.18429003655910492
90201	0.20036764442920685
90202	0.39298245310783386
90203	0.10152284055948257
90205	0.011811023578047752
90206	0.35264483094215393
90207	0.05928853899240494
90210	0.005076142027974129
90211	1.0
90212	0.8791946172714233
90213	0.2959641218185425
90214	0.8187134265899658
90215	0.5663716793060303
90216	0.09836065769195557
90218	0.2288135588169098
90220	0.020576132461428642
90221	0.020202020183205605
90223	0.02534562163054943
90227	0.043887145817279816
90234	0.009523809887468815
90236	0.7256857752799988
90240	0.040123455226421356
90242	0.949999988079071
90243	0.849056601524353
90244	0.03187251091003418
90246	0.12431444227695465
90248	1.0
90249	0.04237288236618042
90250	0.988950252532959
90255	0.9846153855323792
90256	1.0
90258	0.21641790866851807
90260	0.0625
90261	0.957446813583374
90268	0.7392995953559875
90282	0.796875
90285	0.8648648858070374
90286	0.5206185579299927
90287	1.0
90292	1.0
90295	1.0
90296	0.4575163424015045
90302	0.9448275566101074
90303	1.0
90304	0.9704641103744507
90306	0.4135802388191223
90308	0.2211538404226303
90309	0.5044247508049011
90316	0.25
90317	0.001308900536969304
90322	0.13513512909412384
90323	0.08965517580509186
90325	0.26595744490623474
90328	0.7096773982048035
90329	0.8592592477798462
90332	0.03952569141983986
90335	0.5117844939231873
90336	0.02368421107530594
90338	0.04395604506134987
90339	0.9763157963752747
90340	0.4170040488243103
90351	0.2508474588394165
90354	1.0
90356	0.26724138855934143
90357	1.0
90362	0.1246882826089859
90364	0.9532163739204407
90367	1.0
90368	0.5306122303009033
90370	0.3781818151473999
90373	1.0
90374	1.0
90375	0.5202020406723022
90378	1.0
90380	0.6130267977714539
90381	1.0
90382	1.0
90383	0.95652174949646
90384	0.590673565864563
90386	1.0
90387	1.0
90388	1.0
90390	0.5400000214576721
90391	0.28140702843666077
90394	0.729411780834198
90396	0.8235294222831726
90397	0.6502463221549988
90398	0.009259259328246117
90418	0.042944785207509995
90419	0.44117647409439087
90420	0.2639593780040741
90423	1.0
90424	0.7526316046714783
90425	0.10829493403434753
90426	1.0
90427	0.024793388321995735
90436	0.7139480113983154
90438	0.9871794581413269
90439	0.7544910311698914
90442	1.0
90444	1.0
90445	1.0
90446	0.7674418687820435
90447	1.0
90448	1.0
90450	0.7879655957221985
90453	0.5778688788414001
90457	0.8829268217086792
90459	0.38735178112983704
90461	0.16417910158634186
90462	0.7017543911933899
90463	0.988095223903656
90465	1.0
90466	0.5431034564971924
90470	0.8248587846755981
90471	0.015209125354886055
90474	0.145454540848732
90501	0.6216216087341309
90502	0.0533333346247673
90503	0.604651153087616
90504	0.35573121905326843
90506	1.0
90507	0.8566552996635437
90508	1.0
90510	1.0
90511	0.8882681727409363
90533	0.4954954981803894
90534	0.1358024626970291
90535	0.8461538553237915
90536	0.577464759349823
90537	0.13106796145439148
90541	1.0
90542	0.033557046204805374
90543	0.9926470518112183
90544	0.5838926434516907
90545	1.0
90546	1.0
90547	0.313043475151062
90548	0.013761468231678009
90549	1.0
90550	1.0
90551	0.982300877571106
90552	0.09923664480447769
90553	1.0
90555	1.0
90556	0.8373702168464661
90557	1.0
90558	0.6441102623939514
90559	1.0
90562	0.6538461446762085
90566	0.037383176386356354
90571	0.27004218101501465
90575	0.04301075264811516
90578	0.41798943281173706
90587	0.06640625
90588	0.1696428507566452
90589	0.4700460731983185
90590	0.1538461595773697
90591	1.0
90592	1.0
90593	1.0
90595	1.0
90598	0.6305732727050781
90605	0.8629441857337952
90606	1.0
90607	1.0
90609	0.8712871074676514
90611	0.6039885878562927
90612	1.0
90613	1.0
90614	1.0
90617	0.020270269364118576
90619	1.0
90620	1.0
90621	0.6232557892799377
90623	0.021276595070958138
90625	1.0
90626	1.0
90627	0.8363636136054993
90631	1.0
90632	0.5376344323158264
90633	0.6794871687889099
90634	0.4579439163208008
90635	0.4959999918937683
90638	0.8146551847457886
90646	0.42424243688583374
90648	1.0
90649	0.7848101258277893
90650	0.00917431153357029
90651	0.9921259880065918
90652	0.7168674468994141
90653	0.07508532702922821
90654	0.16452442109584808
90655	0.30628272891044617
90656	0.24528302252292633
90657	1.0
90658	1.0
90660	1.0
90661	0.9187816977500916
90662	1.0
90663	0.7628865838050842
90664	0.874524712562561
90665	1.0
90667	0.012195121496915817
90668	1.0
90674	1.0
90675	1.0
90677	1.0
90678	1.0
90679	1.0
90680	0.28155338764190674
90681	1.0
90683	0.2094017118215561
90688	0.7180952429771423
90690	0.48507463932037354
90691	1.0
90692	0.10996563732624054
90693	0.04265403002500534
90694	0.943965494632721
90699	0.9833333492279053
90700	0.08579088747501373
90701	0.4000000059604645
90703	0.944903552532196
90717	0.004301075357943773
90719	0.9626556038856506
90722	0.8108108043670654
90723	1.0
90724	0.752293586730957
90727	1.0
90728	0.5373494029045105
90730	0.9721739292144775
90733	0.07079645991325378
90734	1.0
90737	0.16402116417884827
90738	1.0
90743	0.11212814599275589
90746	1.0
90747	0.15028901398181915
90748	1.0
90749	1.0
90750	0.4831932783126831
90752	0.7101449370384216
90756	0.8450704216957092
90758	0.03125
90763	0.10967741906642914
90766	0.13970588147640228
90779	0.19354838132858276
90780	0.0784313753247261
90782	0.1958041936159134
90783	0.7042253613471985
90784	0.2233201563358307
90785	0.21844659745693207
90787	1.0
90788	1.0
90789	1.0
90790	0.9818840622901917
90792	1.0
90795	1.0
90796	0.7802197933197021
90797	1.0
90798	1.0
90799	1.0
90800	1.0
90801	0.3709677457809448
90803	0.9090909361839294
90805	1.0
90807	0.9679144620895386
90808	1.0
90809	0.6972972750663757
90810	0.9277777671813965
90812	0.24725274741649628
90813	0.15584415197372437
90815	1.0
90816	1.0
90817	0.008888889104127884
90819	0.034364260733127594
90821	0.0917431190609932
90822	0.013636363670229912
90824	0.9321267008781433
90825	1.0
90828	1.0
90830	1.0
90832	0.32332563400268555
90834	0.5643274784088135
90836	0.11999999731779099
90837	1.0
90838	0.378947377204895
90839	0.4624277353286743
90840	0.3745819330215454
90843	0.40789473056793213
90844	0.16190476715564728
90850	0.5783132314682007
90861	0.26249998807907104
90863	0.6952381134033203
90867	0.8070175647735596
90868	0.07692307978868484
90869	0.0139860138297081
90870	0.9907407164573669
90871	1.0
90873	0.678260862827301
90874	0.7527472376823425
90876	0.01953125
90881	1.0
90883	0.2165605127811432
90887	0.9279999732971191
90888	1.0
90889	1.0
90890	0.9615384340286255
90891	1.0
90894	0.15887850522994995
90895	0.10130719095468521
90897	0.17486338317394257
90902	0.759358286857605
90907	0.9831932783126831
90910	0.7799999713897705
90913	0.9295454621315002
90916	0.9571428298950195
90918	1.0
90919	0.04878048598766327
90924	0.7860962748527527
90925	0.949999988079071
90927	1.0
90930	0.2954545319080353
90932	1.0
90933	1.0
90934	0.003267973894253373
90936	0.5116279125213623
90941	1.0
90943	0.8989899158477783
90946	0.7254902124404907
90947	0.7126436829566956
90948	0.5319148898124695
90949	0.02238805964589119
90955	0.2589641511440277
90958	0.1607142835855484
90963	0.013698630034923553
90964	0.03194888308644295
90965	0.24607330560684204
90969	1.0
90970	0.9512194991111755
90971	0.8913043737411499
90972	0.7866666913032532
90973	1.0
90974	0.5967742204666138
90975	1.0
90976	1.0
90977	1.0
90978	0.8842592835426331
90979	1.0
90980	1.0
90981	0.007751937955617905
90982	1.0
90983	0.18232044577598572
90984	0.9840637445449829
90985	1.0
90986	0.004716981202363968
90987	0.014492753893136978
90989	0.6690140962600708
90995	0.023076923564076424
91000	0.08846154063940048
91001	0.45221444964408875
91002	0.4868420958518982
91005	0.5311572551727295
91008	0.03076923079788685
91010	0.004464285913854837
91012	0.006359300576150417
91013	1.0
91014	1.0
91015	1.0
91016	1.0
91017	0.994535505771637
91021	0.18100890517234802
91022	0.03999999910593033
91027	0.175298810005188
91028	0.32768362760543823
91029	0.6666666865348816
91030	0.33980581164360046
91031	0.080924853682518
91034	0.22649572789669037
91035	0.017316017299890518
91036	0.3011583089828491
91037	0.10000000149011612
91043	0.43455496430397034
91052	0.139860138297081
91053	0.3375000059604645
91055	0.8690476417541504
91058	0.7006369233131409
91060	0.8837209343910217
91063	1.0
91064	0.3229166567325592
91065	1.0
91067	1.0
91068	1.0
91069	1.0
91070	0.71875
91071	1.0
91073	1.0
91077	0.18543046712875366
91078	1.0
91079	1.0
91080	1.0
91081	1.0
91082	0.5648535490036011
91083	1.0
91086	0.22962963581085205
91087	1.0
91088	0.8561643958091736
91089	1.0
91090	0.8048780560493469
91091	0.5395188927650452
91092	0.06306306272745132
91093	1.0
91094	0.16447368264198303
91095	1.0
91096	0.4749999940395355
91097	1.0
91098	1.0
91099	0.02631578966975212
91100	0.949999988079071
91102	0.9464285969734192
91103	0.06465516984462738
91104	0.704081654548645
91105	0.30215826630592346
91106	0.1367521435022354
91131	0.23943662643432617
91135	0.0694444477558136
91136	0.9621211886405945
91137	0.16883116960525513
91139	0.01587301678955555
91140	1.0
91141	0.6198347210884094
91145	0.9642857313156128
91147	0.4000000059604645
91148	0.29203540086746216
91150	1.0
91152	1.0
91156	0.21834060549736023
91158	1.0
91159	1.0
91160	1.0
91164	0.06930693238973618
91165	0.9767441749572754
91166	1.0
91168	1.0
91169	1.0
91171	1.0
91174	0.09459459781646729
91175	1.0
91176	0.008810572326183319
91177	0.4226190447807312
91182	0.08979591727256775
91183	0.44262295961380005
91185	0.8755980730056763
91186	0.5714285969734192
91188	0.034090910106897354
91189	1.0
91190	0.2509363293647766
91191	1.0
91192	1.0
91193	0.8909090757369995
91195	0.6824925541877747
91196	0.028985507786273956
91197	1.0
91198	0.7074074149131775
91199	0.9146341681480408
91200	1.0
91201	0.9692307710647583
91204	0.9561403393745422
91205	1.0
91206	0.2450331151485443
91207	0.8484848737716675
91208	0.06270626932382584
91209	0.2792452871799469
91212	0.23178808391094208
91215	0.07491856813430786
91221	0.03500000014901161
91222	0.0043290043249726295
91223	0.03684210404753685
91225	0.09322033822536469
91229	1.0
91235	0.33039647340774536
91236	0.7916666865348816
91247	0.408740371465683
91256	0.01886792480945587
91266	0.4375
91268	0.7234042286872864
91269	0.47852760553359985
91272	0.5562310218811035
91273	0.9819819927215576
91275	0.7794677019119263
91276	1.0
91278	1.0
91279	1.0
91282	1.0
91283	0.7272727489471436
91285	0.1785714328289032
91286	0.25
91288	1.0
91289	0.07586207240819931
91291	0.6871508359909058
91292	0.0117647061124444
91295	0.015772869810461998
91298	0.5969387888908386
91301	0.007751937955617905
91302	0.16896551847457886
91316	0.9350649118423462
91321	0.03940886631608009
91327	0.3909091055393219
91331	0.016759777441620827
91332	0.6639344096183777
91333	0.08438818901777267
91334	0.7880794405937195
91335	1.0
91336	1.0
91337	1.0
91338	1.0
91339	1.0
91340	0.02857142873108387
91341	1.0
91342	0.8648648858070374
91343	1.0
91344	1.0
91345	1.0
91346	0.036496348679065704
91347	1.0
91348	0.7209302186965942
91350	0.9140625
91352	1.0
91353	0.9636363387107849
91354	0.8777777552604675
91356	0.3820224702358246
91357	0.19254659116268158
91358	0.043795619159936905
91366	1.0
91367	0.4959999918937683
91368	0.97826087474823
91369	1.0
91370	1.0
91371	0.053956832736730576
91372	1.0
91374	0.3497757911682129
91375	0.07434944063425064
91376	0.04411764815449715
91377	1.0
91378	1.0
91379	1.0
91382	1.0
91385	1.0
91386	0.8311688303947449
91393	0.29411765933036804
91396	1.0
91403	0.07352941483259201
91405	0.005319148767739534
91407	0.4834710657596588
91408	0.09782608598470688
91409	0.7240259647369385
91411	0.8974359035491943
91412	0.004264392424374819
91413	0.4375
91414	0.918367326259613
91415	0.8480392098426819
91416	0.5685483813285828
91417	0.06586826592683792
91418	0.9896907210350037
91419	1.0
91420	1.0
91421	1.0
91422	0.9550561904907227
91423	1.0
91424	0.703125
91425	0.40186914801597595
91426	0.5733333230018616
91428	0.2807881832122803
91429	0.34736841917037964
91431	0.02380952425301075
91433	0.13924050331115723
91434	0.5555555820465088
91436	0.062240663915872574
91437	0.8148148059844971
91438	1.0
91439	1.0
91441	1.0
91443	0.41489362716674805
91444	1.0
91446	0.8795180916786194
91447	0.5638766288757324
91448	0.9210526347160339
91449	0.1018867939710617
91453	0.45864662528038025
91454	0.0191256832331419
91456	0.0555555559694767
91461	0.10989011079072952
91469	0.9830508232116699
91477	0.10600706934928894
91480	0.15199999511241913
91482	0.822857141494751
91486	0.12947657704353333
91487	0.00826446246355772
91493	0.8384615182876587
91494	0.7161017060279846
91500	0.18881118297576904
91504	0.7750557065010071
91505	1.0
91506	1.0
91507	0.04545454680919647
91510	0.9818181991577148
91511	1.0
91512	0.4757709205150604
91513	1.0
91514	1.0
91517	1.0
91518	0.9822485446929932
91520	0.23076923191547394
91522	1.0
91524	1.0
91526	0.6744186282157898
91527	0.7672727108001709
91528	0.19875776767730713
91531	0.7547169923782349
91534	0.4651162922382355
91537	0.4507042169570923
91541	0.014563106931746006
91544	0.5479452013969421
91547	1.0
91550	1.0
91551	1.0
91552	0.6142857074737549
91553	0.4038461446762085
91555	0.3353658616542816
91556	0.014492753893136978
91563	0.2354312390089035
91565	0.0181818176060915
91566	1.0
91568	0.35759493708610535
91570	0.03125
91574	0.5040983557701111
91575	0.0026315790601074696
91576	0.02238805964589119
91577	0.8275862336158752
91578	0.07869482040405273
91586	0.3799999952316284
91587	0.21387283504009247
91589	0.6600496172904968
91590	0.06796116381883621
91592	1.0
91597	0.84375
91599	0.6742424368858337
91601	0.08560311049222946
91602	0.1538461595773697
91603	0.010660980828106403
91604	0.9914966225624084
91606	1.0
91607	0.11871227622032166
91608	1.0
91610	1.0
91611	0.9580419659614563
91612	0.488095223903656
91613	0.6285714507102966
91614	0.5600000023841858
91615	0.3388429880142212
91616	0.05960264801979065
91617	0.016949152573943138
91627	0.02259887009859085
91640	0.7718833088874817
91642	0.9109947681427002
91643	0.995192289352417
91644	0.6417445540428162
91649	0.2989690601825714
91666	0.3255814015865326
91668	0.9585798978805542
91669	0.3743315637111664
91671	0.09803921729326248
91672	1.0
91673	0.4972067177295685
91674	1.0
91675	0.7288888692855835
91677	1.0
91679	0.30886849761009216
91681	0.20710058510303497
91682	1.0
91683	0.426086962223053
91685	0.9818181991577148
91688	0.014285714365541935
91690	0.15988372266292572
91698	0.23181818425655365
91700	0.5905044674873352
91701	0.08938547223806381
91702	0.3291139304637909
91703	0.9916666746139526
91704	0.9740259647369385
91706	0.01326699834316969
91708	0.09615384787321091
91711	0.027906976640224457
91712	0.3747534453868866
91715	0.15605095028877258
91724	0.932721734046936
91725	0.7488479018211365
91726	0.2232142835855484
91727	0.056910570710897446
91729	0.08139535039663315
91731	0.0035335689317435026
91735	1.0
91737	0.8994515538215637
91746	0.10810811072587967
91751	0.6836460828781128
91753	0.6552706360816956
91756	0.483582079410553
91762	0.7727272510528564
91763	0.4941176474094391
91764	0.9430894255638123
91765	0.9428571462631226
91766	0.47777777910232544
91767	0.2792207896709442
91768	1.0
91769	1.0
91770	1.0
91773	1.0
91774	1.0
91775	1.0
91777	0.6204081773757935
91779	0.9949495196342468
91784	0.5481481552124023
91785	0.2702702581882477
91789	0.1627907007932663
91795	0.32499998807907104
91798	1.0
91799	0.004950494971126318
91801	0.39817628264427185
91807	0.36666667461395264
91808	1.0
91809	0.521276593208313
91810	0.00699300691485405
91816	0.27272728085517883
91817	0.5131579041481018
91819	1.0
91822	1.0
91823	0.3366336524486542
91824	0.49593496322631836
91826	1.0
91827	1.0
91829	1.0
91830	0.3965517282485962
91831	1.0
91835	1.0
91836	0.6648648381233215
91837	1.0
91839	1.0
91840	1.0
91841	0.3764705955982208
91842	0.04580152779817581
91843	1.0
91844	0.8625592589378357
91845	1.0
91847	0.14566929638385773
91849	0.8600000143051147
91850	0.013888888992369175
91853	0.7727272510528564
91863	0.03658536449074745
91866	1.0
91868	1.0
91869	0.3979591727256775
91870	0.7123287916183472
91876	0.029069768264889717
91877	0.011538461782038212
91879	0.7142857313156128
91880	0.1818181872367859
91884	0.8489795923233032
91886	0.30324074625968933
91889	0.4079754650592804
91890	0.2085714340209961
91891	0.3279742896556854
91895	0.5566893219947815
91896	0.20000000298023224
91897	1.0
91898	0.03885480388998985
91903	0.41743120551109314
91906	0.25
91908	0.13432836532592773
91910	0.29878050088882446
91912	1.0
91914	0.2884615361690521
91915	1.0
91916	0.20000000298023224
91919	0.04370179772377014
91921	0.008955223485827446
91924	0.5555555820465088
91937	0.959330141544342
91942	0.26932084560394287
91943	0.5799999833106995
91946	0.28807947039604187
91950	1.0
91951	0.2981131970882416
91952	0.1666666716337204
91953	0.4921466112136841
91955	1.0
91956	0.1278626024723053
91957	0.061611372977495193
91958	0.8892733454704285
91959	1.0
91961	0.43887147307395935
91964	0.9465020298957825
91966	0.0486111119389534
91968	0.0714285746216774
91969	1.0
91975	0.8103448152542114
91976	0.9523809552192688
91977	0.21917808055877686
91979	0.1764705926179886
91980	0.8863636255264282
91982	1.0
91986	0.8823529481887817
91987	0.9300000071525574
91988	0.568965494632721
91989	1.0
91993	1.0
91995	0.37037035822868347
91997	0.07027027010917664
91998	1.0
92000	1.0
92001	0.1164383590221405
92002	0.5114504098892212
92005	0.13297872245311737
92007	0.25
92008	0.0220994483679533
92009	0.11538461595773697
92012	0.04700854793190956
92028	0.5290322303771973
92029	0.5989304780960083
92033	0.25333333015441895
92034	0.9895287752151489
92038	0.2925170063972473
92041	0.991150438785553
92042	1.0
92043	0.3920265734195709
92046	1.0
92047	0.7241379022598267
92050	0.20370370149612427
92051	0.09243697673082352
92052	0.29411765933036804
92054	1.0
92055	1.0
92056	0.6064516305923462
92058	1.0
92059	0.23333333432674408
92060	0.8804348111152649
92062	0.010830325074493885
92066	0.104347825050354
92067	0.6425339579582214
92068	0.130952388048172
92069	0.6131687164306641
92071	0.04938271641731262
92073	0.40909090638160706
92080	0.020123839378356934
92094	0.044897958636283875
92096	1.0
92097	0.41258740425109863
92100	1.0
92101	0.071129709482193
92102	1.0
92103	1.0
92104	0.1259259283542633
92105	1.0
92106	1.0
92107	1.0
92108	0.4931506812572479
92112	0.0317460335791111
92113	0.347517728805542
92115	0.9539749026298523
92121	0.9940828680992126
92122	0.03076923079788685
92124	1.0
92126	0.8048780560493469
92127	1.0
92130	0.8715596199035645
92134	1.0
92137	0.9777777791023254
92138	0.21904762089252472
92140	1.0
92141	1.0
92142	1.0
92144	1.0
92145	0.002421307610347867
92146	0.06593406945466995
92147	0.4680851101875305
92148	0.6438356041908264
92152	0.06451612710952759
92165	0.14689265191555023
92170	0.005076142027974129
92172	0.38235294818878174
92173	0.8913043737411499
92174	0.9468085169792175
92175	0.761904776096344
92179	1.0
92181	1.0
92182	1.0
92183	0.35483869910240173
92185	0.9166666865348816
92187	1.0
92188	1.0
92189	1.0
92191	1.0
92192	1.0
92193	1.0
92194	1.0
92195	0.9772727489471436
92197	1.0
92200	1.0
92201	0.3125
92202	1.0
92203	1.0
92204	1.0
92205	1.0
92210	1.0
92211	1.0
92212	0.28125
92214	0.9021739363670349
92215	1.0
92218	0.04210526496171951
92219	0.9833333492279053
92220	1.0
92222	0.269461065530777
92223	0.4736842215061188
92232	0.08029197156429291
92244	0.7558139562606812
92246	0.2380952388048172
92248	0.04207119718194008
92251	0.44723618030548096
92252	0.08542713522911072
92257	0.5723684430122375
92261	0.43396225571632385
92263	0.011799409985542297
92270	0.014814814552664757
92272	0.9900990128517151
92275	0.7946428656578064
92277	1.0
92278	0.014218009077012539
92281	0.8292682766914368
92282	1.0
92286	0.4225352108478546
92295	0.0625
92296	0.037974681705236435
92301	0.810741662979126
92302	0.47311827540397644
92303	0.9723756909370422
92305	0.48439618945121765
92306	1.0
92308	0.8716577291488647
92309	1.0
92312	0.9898989796638489
92313	1.0
92314	0.3006536066532135
92317	0.6508380174636841
92318	0.32758620381355286
92321	0.037837836891412735
92327	0.25139665603637695
92328	0.19377990067005157
92329	0.7092307806015015
92332	0.016835017129778862
92333	0.18956521153450012
92336	0.6228448152542114
92339	0.28326180577278137
92340	0.01005025114864111
92341	0.7026143670082092
92342	1.0
92343	1.0
92344	1.0
92345	0.30612245202064514
92346	0.75390625
92347	0.45614033937454224
92349	0.4690265357494354
92350	0.1553398072719574
92353	0.1881188154220581
92357	0.30434781312942505
92365	0.15463916957378387
92366	0.09333333373069763
92367	0.8057553768157959
92368	0.7964601516723633
92369	0.5714285969734192
92370	0.5072463750839233
92371	1.0
92372	0.006369426846504211
92373	0.43065693974494934
92374	1.0
92375	1.0
92377	1.0
92378	0.8644067645072937
92379	0.44117647409439087
92380	1.0
92381	1.0
92382	1.0
92384	0.9904305934906006
92385	0.4965517222881317
92386	1.0
92387	1.0
92388	0.8799999952316284
92390	0.06040268391370773
92391	1.0
92395	1.0
92396	1.0
92398	1.0
92399	0.12222222238779068
92401	1.0
92402	0.835616409778595
92403	1.0
92406	1.0
92407	0.0061349691823124886
92408	0.45967742800712585
92411	0.13114753365516663
92413	0.0223214291036129
92418	0.4294670820236206
92422	0.9555555582046509
92424	1.0
92426	0.025641025975346565
92429	0.8586956262588501
92431	0.6666666865348816
92435	0.7740492224693298
92436	1.0
92437	1.0
92438	1.0
92440	1.0
92441	0.03703703731298447
92442	0.29600000381469727
92444	0.1428571492433548
92445	0.013698630034923553
92446	0.6329588294029236
92447	0.030456852167844772
92448	0.01879699155688286
92449	0.01871657744050026
92452	0.06382978707551956
92453	0.03703703731298447
92454	0.6333333253860474
92458	1.0
92461	0.9090909361839294
92464	0.45098039507865906
92466	0.35668790340423584
92468	0.9268292784690857
92471	0.35789474844932556
92472	0.5360824465751648
92473	0.1548387110233307
92474	0.011461318470537663
92476	0.6471630930900574
92479	0.03703703731298447
92481	0.24809160828590393
92482	0.9910714030265808
92485	0.02500000037252903
92486	0.051948051899671555
92496	0.025787966325879097
92503	0.16720257699489594
92505	0.5
92506	0.6484375
92507	0.43478259444236755
92514	0.13636364042758942
92518	0.6227272748947144
92524	1.0
92525	1.0
92526	0.03305784985423088
92527	1.0
92528	1.0
92532	0.4040403962135315
92533	1.0
92534	1.0
92537	0.8636363744735718
92538	1.0
92539	1.0
92540	1.0
92541	0.5436893105506897
92542	1.0
92543	1.0
92546	0.5233644843101501
92547	0.421875
92548	0.800000011920929
92549	0.9476439952850342
92550	0.9897435903549194
92552	0.4285714328289032
92553	0.30000001192092896
92566	0.010526316240429878
92567	0.9831932783126831
92569	0.9954128265380859
92571	0.9833333492279053
92572	0.4938271641731262
92575	0.04417670518159866
92576	1.0
92577	1.0
92578	0.9537037014961243
92579	1.0
92581	0.9865471124649048
92582	0.704402506351471
92583	0.2830188572406769
92584	1.0
92586	0.6569343209266663
92588	1.0
92592	0.04787234216928482
92593	0.8398268222808838
92594	0.0441988967359066
92595	0.53125
92600	0.4986376166343689
92620	0.13709677755832672
92622	0.3766666650772095
92623	0.8083333373069763
92624	1.0
92625	0.5284973978996277
92626	1.0
92627	1.0
92628	1.0
92629	1.0
92630	1.0
92631	0.5182186365127563
92632	0.9300000071525574
92633	1.0
92635	0.04639175161719322
92639	0.3284936547279358
92646	0.006006006151437759
92647	0.013722127303481102
92648	0.20895522832870483
92649	1.0
92650	1.0
92651	1.0
92652	1.0
92653	0.5596330165863037
92654	0.7362204790115356
92655	1.0
92656	0.5277777910232544
92658	0.9623287916183472
92659	0.7591836452484131
92662	0.9953271150588989
92663	0.12798264622688293
92664	1.0
92665	1.0
92667	1.0
92668	0.5744680762290955
92670	0.9347826242446899
92671	1.0
92672	1.0
92673	0.44075828790664673
92674	1.0
92675	0.939130425453186
92676	0.6077669858932495
92677	1.0
92678	1.0
92679	0.30733945965766907
92681	1.0
92683	1.0
92685	0.2566371560096741
92686	0.5970588326454163
92689	0.14071856439113617
92698	0.6124197244644165
92699	0.6830065250396729
92700	0.6043956279754639
92702	1.0
92703	1.0
92704	1.0
92706	0.4761904776096344
92707	0.004081632476300001
92710	0.7681159377098083
92711	1.0
92712	1.0
92713	1.0
92720	0.7808641791343689
92721	0.4000000059604645
92722	0.9113923907279968
92723	0.4444444477558136
92724	1.0
92725	1.0
92726	1.0
92727	0.07468879967927933
92728	0.6666666865348816
92729	1.0
92730	0.024813896045088768
92731	0.7936508059501648
92733	1.0
92742	0.032258063554763794
92743	0.7142857313156128
92744	0.8005540370941162
92745	1.0
92746	0.9852941036224365
92747	1.0
92748	0.39175257086753845
92749	1.0
92751	0.48620688915252686
92761	0.017241379246115685
92762	0.21875
92768	0.002358490601181984
92781	0.24817518889904022
92782	0.6666666865348816
92787	1.0
92788	0.8829787373542786
92789	1.0
92790	0.6332378387451172
92791	0.9638554453849792
92793	0.15060241520404816
92794	0.19662921130657196
92796	0.05013927444815636
92797	0.9022988677024841
92798	0.546012282371521
92803	0.996835470199585
92805	0.39086294174194336
92806	0.07355865091085434
92808	0.07396449893712997
92810	0.5597484111785889
92811	0.9944444298744202
92812	0.7220077514648438
92815	0.16243654489517212
92816	0.9071566462516785
92817	0.9769230484962463
92819	0.4150943458080292
92820	0.800000011920929
92823	1.0
92825	0.17454545199871063
92828	0.05314009636640549
92830	0.198142409324646
92831	1.0
92832	1.0
92833	1.0
92834	0.8799999952316284
92835	1.0
92836	0.6756756901741028
92837	0.4025973975658417
92839	0.08588957041501999
92840	0.6424580812454224
92842	1.0
92843	0.375
92846	0.03382353112101555
92847	1.0
92848	0.2300885021686554
92849	1.0
92850	1.0
92851	0.30662021040916443
92852	1.0
92853	0.5081300735473633
92854	0.9898989796638489
92855	0.6460176706314087
92856	0.14772726595401764
92866	0.00909090880304575
92867	0.17449665069580078
92869	0.0476190485060215
92870	0.09467455744743347
92871	0.08264462649822235
92872	0.6610169410705566
92874	0.9881656765937805
92875	1.0
92876	1.0
92877	0.22689075767993927
92878	1.0
92879	1.0
92880	1.0
92881	1.0
92882	1.0
92883	1.0
92884	0.7262569665908813
92885	0.49180328845977783
92886	1.0
92887	0.6964285969734192
92888	1.0
92889	1.0
92890	0.9951456189155579
92891	1.0
92892	0.12195122241973877
92896	1.0
92897	0.3910256326198578
92899	0.08284023404121399
92900	1.0
92902	1.0
92903	1.0
92904	1.0
92906	0.14606741070747375
92907	0.611940324306488
92908	0.3142857253551483
92915	0.44117647409439087
92939	0.9580419659614563
92941	0.6158357858657837
92945	0.5942028760910034
92956	1.0
92958	0.9860464930534363
92960	0.8408408164978027
92962	0.16587677597999573
92963	0.7922077775001526
92964	0.5949820876121521
92965	0.0033112582750618458
92966	0.4872521162033081
92967	0.06798245757818222
92969	0.08571428805589676
92970	1.0
92971	0.9410029649734497
92974	0.013888888992369175
92997	0.0260869562625885
92998	0.09859155118465424
93000	0.24271844327449799
93001	0.38461539149284363
93005	0.9870129823684692
93007	1.0
93008	0.36231884360313416
93009	0.2989690601825714
93010	1.0
93011	1.0
93012	1.0
93016	1.0
93017	1.0
93018	1.0
93021	0.052941177040338516
93028	0.10050251334905624
93029	0.1666666716337204
93033	1.0
93046	0.19909502565860748
93051	0.020618556067347527
93052	0.009287925437092781
93053	0.3265306055545807
93054	0.2738095223903656
93055	0.8449612259864807
93056	0.00917431153357029
93057	0.2993827164173126
93058	0.027210883796215057
93059	0.23557692766189575
93060	0.016713092103600502
93061	0.003448275849223137
93062	0.08086253702640533
93063	1.0
93064	0.9741935729980469
93066	0.01342281885445118
93068	0.1755101978778839
93069	0.9465875625610352
93071	0.012820512987673283
93072	0.9714285731315613
93073	1.0
93074	0.5531914830207825
93075	0.16455696523189545
93089	0.5789473652839661
93091	1.0
93092	0.3372093141078949
93095	0.26829269528388977
93098	1.0
93101	1.0
93102	1.0
93108	0.16438356041908264
93117	0.02857142873108387
93118	0.078125
93121	0.02083333395421505
93122	1.0
93123	1.0
93124	1.0
93125	1.0
93126	0.30588236451148987
93127	1.0
93128	0.7674418687820435
93139	1.0
93140	1.0
93142	1.0
93144	1.0
93145	1.0
93146	1.0
93147	1.0
93148	0.35593220591545105
93151	0.04285714402794838
93153	0.2410714328289032
93160	1.0
93161	0.01342281885445118
93165	1.0
93167	1.0
93168	0.7555555701255798
93169	1.0
93173	0.4444444477558136
93175	1.0
93178	1.0
93179	1.0
93180	0.004975124262273312
93181	0.8961748480796814
93183	1.0
93184	0.9802955389022827
93185	1.0
93187	0.024539876729249954
93188	0.9363057613372803
93190	0.7611940503120422
93191	0.023255813866853714
93192	0.847328245639801
93196	0.7368420958518982
93223	0.01886792480945587
93224	0.6293436288833618
93234	0.6083333492279053
93235	0.36764705181121826
93246	0.9941520690917969
93247	1.0
93248	1.0
93249	1.0
93251	1.0
93253	1.0
93254	0.9646017551422119
93256	0.875
93257	0.9586777091026306
93259	0.7424892783164978
93262	0.6499999761581421
93263	0.051020409911870956
93266	0.29482072591781616
93267	0.011560693383216858
93290	0.0476190485060215
93294	1.0
93295	0.3038673996925354
93296	0.2777777910232544
93297	0.375
93298	1.0
93299	1.0
93300	1.0
93301	1.0
93302	0.19512194395065308
93306	0.5526315569877625
93310	0.01034482754766941
93311	0.3100000023841858
93328	0.08932039141654968
93329	0.27411168813705444
93330	0.703125
93331	0.19230769574642181
93333	0.014354066923260689
93334	0.056910570710897446
93335	0.8764045238494873
93336	1.0
93337	1.0
93338	0.20000000298023224
93339	1.0
93340	0.37948718667030334
93341	1.0
93342	1.0
93343	1.0
93344	0.6877636909484863
93345	1.0
93348	0.8965517282485962
93349	0.033898305147886276
93352	0.9864864945411682
93354	0.9090909361839294
93355	0.7886598110198975
93358	0.08805031329393387
93361	0.7598425149917603
93362	1.0
93363	1.0
93368	1.0
93369	0.01002506259828806
93370	0.7610062956809998
93371	1.0
93372	0.42571428418159485
93373	0.061302680522203445
93374	1.0
93376	0.7798165082931519
93379	0.6315789222717285
93380	0.020270269364118576
93381	0.5992366671562195
93384	0.9113923907279968
93385	0.09053497761487961
93391	0.9958158731460571
93393	1.0
93396	1.0
93398	0.5631768703460693
93400	0.9796954393386841
93401	0.9087837934494019
93402	0.9867841601371765
93403	0.8912466764450073
93404	0.026156941428780556
93406	0.48583877086639404
93407	0.03947368264198303
93409	0.11073825508356094
93411	0.02144249528646469
93416	0.4991181790828705
93417	0.8292011022567749
93419	0.109375
93421	0.9957447052001953
93424	0.9749103784561157
93426	0.6807228922843933
93428	0.42592594027519226
93435	0.05494505539536476
93436	0.3133208155632019
93437	0.2551020383834839
93438	0.9670050740242004
93439	0.7346153855323792
93440	0.205263152718544
93441	0.6054888367652893
93443	0.19512194395065308
93444	0.005076142027974129
93446	0.9775280952453613
93449	0.7819548845291138
93450	1.0
93451	0.9885714054107666
93452	0.47777777910232544
93453	0.9818181991577148
93456	0.7478991746902466
93457	0.04624277353286743
93458	0.7260273694992065
93461	1.0
93462	0.6835442781448364
93464	1.0
93467	0.04615384712815285
93468	0.699999988079071
93469	0.9828326106071472
93470	0.7824427485466003
93472	0.43197280168533325
93474	0.11952191591262817
93476	0.9398496150970459
93478	0.9099099040031433
93479	0.3285024166107178
93480	1.0
93482	0.1621621549129486
93483	1.0
93484	0.9031007885932922
93485	0.04878048598766327
93488	0.24390244483947754
93490	0.02247191034257412
93494	0.017985612154006958
93498	0.6307692527770996
93499	0.5747126340866089
93500	0.008333333767950535
93503	0.6381909251213074
93505	1.0
93506	0.3720238208770752
93508	0.3776223659515381
93511	0.04545454680919647
93512	0.6200000047683716
93513	0.20930232107639313
93518	0.5511363744735718
93520	0.004201680887490511
93521	0.06969697028398514
93528	0.6666666865348816
93530	0.00544959120452404
93532	0.0057142856530845165
93536	0.011583011597394943
93537	0.12878787517547607
93542	0.004608294926583767
93548	0.02521008439362049
93552	0.008547008968889713
93554	0.8888888955116272
93555	0.05343511328101158
93557	0.7445482611656189
93559	0.9256198406219482
93560	0.05150214582681656
93561	0.9849056601524353
93563	0.9935897588729858
93564	1.0
93565	0.130952388048172
93566	1.0
93567	1.0
93568	0.8135592937469482
93571	1.0
93572	1.0
93574	1.0
93576	0.019480518996715546
93577	0.1034482792019844
93578	0.25555557012557983
93584	1.0
93585	0.4018264710903168
93587	0.6285714507102966
93588	0.8720930218696594
93595	1.0
93596	1.0
93597	0.9197860956192017
93598	1.0
93599	0.017241379246115685
93600	0.9489361643791199
93601	1.0
93602	1.0
93603	1.0
93604	1.0
93605	1.0
93606	1.0
93607	0.34306567907333374
93608	1.0
93609	1.0
93610	0.2753623127937317
93612	0.45945945382118225
93613	0.8795180916786194
93614	0.41791045665740967
93615	0.881118893623352
93630	0.32307693362236023
93631	0.023255813866853714
93633	0.0117647061124444
93638	0.22727273404598236
93641	0.027027027681469917
93645	0.8629032373428345
93646	0.4881516695022583
93647	0.5811966061592102
93648	1.0
93649	0.40441176295280457
93650	0.8111110925674438
93651	0.5414012670516968
93652	1.0
93653	1.0
93654	0.17687074840068817
93655	0.7037037014961243
93656	1.0
93657	1.0
93658	0.02666666731238365
93659	0.75
93662	0.25
93669	0.004878048785030842
93672	1.0
93673	0.42953020334243774
93674	1.0
93675	0.10526315867900848
93679	0.5157894492149353
93683	1.0
93685	0.9237288236618042
93686	0.991150438785553
93689	1.0
93695	0.09655172377824783
93696	0.4409937858581543
93697	1.0
93700	1.0
93701	1.0
93704	1.0
93711	0.6607142686843872
93713	0.5833333134651184
93714	1.0
93715	1.0
93716	1.0
93718	0.991150438785553
93719	0.18867924809455872
93720	0.42500001192092896
93721	0.03773584961891174
93723	0.3636363744735718
93724	0.8695651888847351
93729	0.0731707289814949
93730	0.057894736528396606
93733	0.9209302067756653
93737	0.277372270822525
93739	0.5952380895614624
93748	0.0784313753247261
93750	0.3265306055545807
93751	1.0
93752	1.0
93753	1.0
93754	0.35199999809265137
93755	0.025641025975346565
93756	0.9464285969734192
93757	1.0
93759	1.0
93760	0.28099173307418823
93762	1.0
93763	0.774193525314331
93764	1.0
93773	0.8090909123420715
93774	0.3243243098258972
93775	0.23178808391094208
93777	1.0
93779	0.06185567006468773
93781	0.020408162847161293
93784	0.05263157933950424
93787	0.8888888955116272
93789	1.0
93790	1.0
93791	0.1785714328289032
93797	0.8306451439857483
93798	0.9230769276618958
93799	0.02222222276031971
93800	0.5740740895271301
93802	0.11320754885673523
93804	0.1269841343164444
93805	0.8333333134651184
93806	1.0
93807	0.9811320900917053
93808	1.0
93814	1.0
93818	0.7835051417350769
93820	0.6209150552749634
93821	1.0
93823	1.0
93825	1.0
93826	0.13483145833015442
93829	1.0
93831	1.0
93832	1.0
93837	1.0
93838	0.08396946638822556
93839	0.13548387587070465
93841	0.9929577708244324
93843	1.0
93846	0.8609022498130798
93847	0.2679738700389862
93849	0.5465116500854492
93850	1.0
93851	0.8888888955116272
93852	1.0
93853	1.0
93854	0.8148148059844971
93855	0.9572649598121643
93856	1.0
93857	0.9928315281867981
93859	1.0
93860	0.5496183037757874
93861	0.10236220806837082
93862	1.0
93863	0.301075279712677
93864	0.6377358436584473
93865	0.1549815535545349
93866	0.7105262875556946
93867	0.831932783126831
93868	0.8418367505073547
93870	0.7441860437393188
93875	0.020338982343673706
93882	0.6720647811889648
93888	0.9961240291595459
93889	0.03252032399177551
93890	0.8110749125480652
93891	0.5
93892	0.8712328672409058
93893	0.16016151010990143
93895	0.04533333331346512
93898	0.9785522818565369
93900	0.26249998807907104
93901	0.004854368977248669
93902	0.9685039520263672
93903	0.1111111119389534
93905	0.9212598204612732
93906	0.009259259328246117
93909	1.0
93911	1.0
93913	1.0
93914	0.7777777910232544
93916	1.0
93918	0.9306930899620056
93919	1.0
93922	1.0
93923	0.5539568066596985
93925	1.0
93928	0.9506173133850098
93929	0.007874015718698502
93934	0.014492753893136978
93939	0.19337016344070435
93944	0.12865497171878815
93955	0.03743315488100052
93962	0.014084506779909134
93964	0.09322033822536469
93968	0.2884615361690521
93976	0.3684210479259491
93979	0.010362694039940834
93982	0.005181347019970417
93983	0.06849315017461777
93984	0.7647058963775635
93985	1.0
93986	0.7536231875419617
93987	0.5170068144798279
93988	0.7579908967018127
93989	0.9569892287254333
93990	1.0
93991	1.0
93992	1.0
93993	0.130952388048172
93996	0.052173912525177
93997	0.05970149114727974
94001	0.8187500238418579
94003	0.4040403962135315
94004	1.0
94007	0.6000000238418579
94011	0.5959302186965942
94012	0.026809651404619217
94014	1.0
94016	0.47921761870384216
94017	0.004149377811700106
94020	0.7625330090522766
94021	1.0
94024	0.3606557250022888
94031	0.49295774102211
94032	0.9921259880065918
94033	0.988950252532959
94034	0.058139536529779434
94038	0.004464285913854837
94039	0.02158273383975029
94040	0.08646616339683533
94043	0.3611859977245331
94045	0.16759777069091797
94046	0.6723300814628601
94047	0.5643274784088135
94048	0.8404908180236816
94050	0.03448275849223137
94051	0.8752642869949341
94053	0.3865979313850403
94054	0.1070336401462555
94057	0.10996563732624054
94063	0.13865546882152557
94065	0.03303303197026253
94074	0.7190476059913635
94077	0.8492063283920288
94080	0.6318408250808716
94081	0.015384615398943424
94083	0.4895833432674408
94084	1.0
94085	0.9444444179534912
94086	0.8717948794364929
94087	0.6868420839309692
94088	1.0
94090	1.0
94092	0.16483516991138458
94093	0.8478260636329651
94094	0.05882352963089943
94096	0.5
94097	0.4375
94098	0.472573846578598
94106	0.07407407462596893
94107	0.006802720949053764
94108	0.02097902074456215
94111	0.32499998807907104
94116	0.6162790656089783
94117	0.8479999899864197
94118	0.9599999785423279
94120	1.0
94121	1.0
94122	1.0
94124	0.8055555820465088
94125	1.0
94127	0.8846153616905212
94128	1.0
94129	1.0
94131	0.8611111044883728
94132	1.0
94133	0.9425287246704102
94134	1.0
94137	1.0
94140	0.9529411792755127
94141	0.29411765933036804
94142	0.8947368264198303
94144	0.008403361774981022
94145	0.42352941632270813
94158	0.05714285746216774
94159	0.8523489832878113
94167	0.01092896144837141
94171	0.6198083162307739
94173	0.16099071502685547
94174	0.512635350227356
94184	0.16012084484100342
94185	0.2869318127632141
94186	0.035211268812417984
94187	1.0
94188	0.9885057210922241
94189	1.0
94190	0.6000000238418579
94191	0.6538461446762085
94192	0.009708737954497337
94193	0.5891472697257996
94194	0.029126213863492012
94218	0.09259258955717087
94220	0.35537189245224
94223	0.25757575035095215
94227	1.0
94230	1.0
94231	1.0
94232	0.04109589010477066
94235	0.9886363744735718
94240	0.38983049988746643
94244	0.13750000298023224
94265	0.25
94268	1.0
94269	0.8292682766914368
94270	0.05882352963089943
94271	0.9767441749572754
94272	1.0
94273	0.7127659320831299
94274	1.0
94276	1.0
94277	1.0
94278	1.0
94279	0.9375
94283	1.0
94285	1.0
94286	0.08934707939624786
94287	0.28859061002731323
94288	1.0
94289	1.0
94292	0.9430894255638123
94294	1.0
94296	0.943965494632721
94297	0.9743589758872986
94299	1.0
94300	0.20056496560573578
94304	0.48771265149116516
94305	0.6442307829856873
94307	0.7642857432365417
94308	0.013605441898107529
94311	0.02469135820865631
94333	0.31468531489372253
94334	0.016611294820904732
94336	0.2181818187236786
94338	0.2874999940395355
94339	0.7849462628364563
94340	0.9914893507957458
94343	0.9937106966972351
94344	0.06734006851911545
94347	0.05298013240098953
94349	1.0
94351	0.931506872177124
94353	0.8014184236526489
94354	1.0
94358	0.0235294122248888
94360	1.0
94361	0.10884353518486023
94367	0.06949806958436966
94368	0.9873417615890503
94370	0.4375
94372	0.19874213635921478
94373	0.27272728085517883
94378	1.0
94379	0.9632652997970581
94380	1.0
94382	0.0833333358168602
94383	1.0
94384	1.0
94387	1.0
94388	1.0
94389	1.0
94391	1.0
94394	0.6373626589775085
94395	1.0
94396	0.9966216087341309
94397	1.0
94398	1.0
94399	0.9283387660980225
94405	0.1495601236820221
94407	0.2935560941696167
94417	0.1590106040239334
94421	0.7061855792999268
94422	0.43842363357543945
94424	0.5856353640556335
94425	1.0
94426	0.11419752985239029
94427	1.0
94429	1.0
94430	0.2149122804403305
94431	1.0
94432	1.0
94435	1.0
94436	0.9926108121871948
94437	1.0
94440	1.0
94441	0.014962593093514442
94442	0.3227176368236542
94444	0.29001882672309875
94447	0.004032257944345474
94451	0.3243243098258972
94455	0.04177545756101608
94458	0.01424050610512495
94459	0.4252873659133911
94460	0.14541833102703094
94464	0.26720649003982544
94471	1.0
94472	1.0
94474	0.7836538553237915
94480	0.05622490122914314
94482	0.6692913174629211
94483	1.0
94484	1.0
94487	0.6184210777282715
94488	1.0
94494	0.8857142925262451
94495	0.8589743375778198
94517	0.125
94518	0.7714285850524902
94519	0.9938650131225586
94521	0.21153846383094788
94523	0.7784810066223145
94524	1.0
94525	0.9427312612533569
94527	1.0
94528	0.9683257937431335
94529	1.0
94530	1.0
94531	1.0
94532	1.0
94534	0.7904762029647827
94535	1.0
94536	1.0
94537	1.0
94538	1.0
94540	0.8840579986572266
94542	1.0
94543	1.0
94544	1.0
94546	1.0
94547	0.567415714263916
94548	0.005434782709926367
94550	1.0
94551	1.0
94555	0.9272727370262146
94556	1.0
94559	0.28999999165534973
94561	0.02777777798473835
94564	0.2160000056028366
94565	0.4749999940395355
94566	0.682539701461792
94567	0.1071428582072258
94568	0.0882352963089943
94569	0.2631579041481018
94579	0.023255813866853714
94580	0.3333333432674408
94581	0.1381578892469406
94583	0.23783783614635468
94584	0.03759398311376572
94585	1.0
94586	0.014925372786819935
94587	1.0
94588	0.02923976629972458
94596	0.008064515888690948
94606	0.10294117778539658
94613	0.08653846383094788
94614	0.30970150232315063
94616	0.06470588594675064
94618	0.9829059839248657
94621	0.17499999701976776
94622	0.3206751048564911
94625	1.0
94626	0.75
94627	1.0
94628	0.4793814420700073
94630	1.0
94631	0.005917159840464592
94632	0.6573705077171326
94633	1.0
94638	0.28828829526901245
94639	0.3507462739944458
94640	1.0
94642	0.6412213444709778
94646	0.8053892254829407
94647	0.5112994313240051
94649	0.29411765933036804
94651	0.24822695553302765
94652	0.10277777910232544
94653	1.0
94656	1.0
94657	1.0
94658	1.0
94660	0.8636363744735718
94661	0.865470826625824
94663	1.0
94664	0.9790209531784058
94666	1.0
94668	0.7602339386940002
94671	0.38121548295021057
94672	0.44680851697921753
94673	0.9327731132507324
94676	0.7992831468582153
94677	0.04444444552063942
94678	0.0546875
94680	0.35151514410972595
94688	0.003367003286257386
94699	0.20895522832870483
94700	0.7207792401313782
94704	0.009345794096589088
94707	0.7918552160263062
94710	1.0
94711	1.0
94713	0.07943925261497498
94714	0.8846153616905212
94715	1.0
94716	0.8304093480110168
94717	1.0
94718	1.0
94719	1.0
94720	0.7132075428962708
94722	1.0
94729	0.35499998927116394
94730	1.0
94731	1.0
94732	0.7911646366119385
94733	1.0
94734	1.0
94735	1.0
94736	0.9590163826942444
94737	1.0
94739	1.0
94740	0.05882352963089943
94749	0.19745223224163055
94767	0.18110236525535583
94776	0.2830769121646881
94777	0.05454545468091965
94778	0.0357142873108387
94780	0.09433962404727936
94784	0.9552238583564758
94785	0.3986014127731323
94786	1.0
94788	0.23577235639095306
94792	1.0
94793	0.0476190485060215
94794	1.0
94797	1.0
94798	0.8221153616905212
94799	0.8498168587684631
94802	0.2752442955970764
94804	0.9886363744735718
94806	0.26446279883384705
94807	1.0
94813	0.6844660043716431
94814	1.0
94815	1.0
94816	1.0
94820	0.06986899673938751
94821	0.9756944179534912
94825	0.25869566202163696
94829	0.8873239159584045
94830	0.7517730593681335
94832	1.0
94835	0.7189542651176453
94838	0.9755244851112366
94843	0.28651684522628784
94845	0.3188405930995941
94847	0.27234041690826416
94848	0.610859751701355
94849	0.17832167446613312
94850	0.0018248175038024783
94851	0.19138756394386292
94853	0.9469696879386902
94854	0.423162579536438
94856	0.15938302874565125
94861	0.4761904776096344
94862	0.41333332657814026
94864	0.970059871673584
94865	0.5574712753295898
94871	1.0
94872	1.0
94873	1.0
94875	1.0
94876	0.4517374634742737
94878	0.8981481194496155
94879	0.2838541567325592
94883	0.9033079147338867
94884	0.8169934749603271
94885	1.0
94890	1.0
94892	0.05263157933950424
94895	1.0
94897	1.0
94900	0.6728395223617554
94902	0.0416666679084301
94906	1.0
94912	0.6184210777282715
94915	0.5617977380752563
94918	0.625
94919	0.25874125957489014
94921	0.13461539149284363
94922	0.7786259651184082
94923	0.6637167930603027
94926	1.0
94927	0.9698795080184937
94928	0.01587301678955555
94929	0.47826087474823
94930	1.0
94932	1.0
94934	1.0
94935	0.30693069100379944
94936	1.0
94938	1.0
94939	1.0
94940	1.0
94941	0.17977528274059296
94942	1.0
94943	0.5328947305679321
94949	0.04316546767950058
94951	0.9205297827720642
94952	0.6965517401695251
94954	1.0
94955	1.0
94956	1.0
94958	1.0
94959	1.0
94962	1.0
94966	1.0
94967	1.0
94968	0.5625
94969	1.0
94970	1.0
94971	1.0
94972	1.0
94973	1.0
94974	0.4444444477558136
94975	0.9452054500579834
94977	0.8507462739944458
94978	0.12359550595283508
94979	0.34166666865348816
94980	0.013071895577013493
94995	0.5051903128623962
94996	0.20481927692890167
94997	0.5590909123420715
94998	1.0
94999	1.0
95000	0.5685483813285828
95001	1.0
95002	1.0
95003	1.0
95004	1.0
95006	1.0
95007	1.0
95008	1.0
95009	0.2142857164144516
95010	1.0
95013	0.6712328791618347
95014	1.0
95016	0.4395604431629181
95020	0.006329114083200693
95021	0.4590163826942444
95028	1.0
95029	1.0
95030	0.9668874144554138
95031	0.6785714030265808
95032	0.024242423474788666
95033	1.0
95034	1.0
95035	0.4107142984867096
95036	0.9624060392379761
95038	0.39316239953041077
95041	1.0
95043	1.0
95044	1.0
95045	1.0
95046	1.0
95047	1.0
95048	0.8073394298553467
95049	1.0
95050	1.0
95051	1.0
95066	0.1111111119389534
95069	0.05882352963089943
95070	0.6833333373069763
95076	0.5135135054588318
95077	0.10619468986988068
95079	0.5540540814399719
95080	0.3505154550075531
95084	1.0
95085	0.1764705926179886
95087	1.0
95089	0.18333333730697632
95090	1.0
95091	1.0
95092	0.8840579986572266
95093	0.7777777910232544
95094	1.0
95096	1.0
95097	0.145454540848732
95098	1.0
95099	1.0
95100	1.0
95102	1.0
95103	1.0
95104	1.0
95105	1.0
95106	1.0
95107	0.48275861144065857
95109	1.0
95115	0.016393441706895828
95117	0.06451612710952759
95119	0.030534351244568825
95120	0.3529411852359772
95125	0.4444444477558136
95126	0.5348837375640869
95127	0.0625
95128	1.0
95131	0.8370370268821716
95134	0.2931034564971924
95135	1.0
95137	1.0
95140	0.929411768913269
95143	0.02985074557363987
95144	1.0
95146	0.2590361535549164
95147	1.0
95148	1.0
95149	1.0
95150	0.75
95154	0.047457627952098846
95155	0.033834587782621384
95158	0.006756756920367479
95160	0.09859155118465424
95164	0.9793814420700073
95165	0.790243923664093
95167	0.5939394235610962
95171	1.0
95173	1.0
95179	0.6929824352264404
95180	1.0
95182	1.0
95183	1.0
95189	0.04854368790984154
95190	1.0
95191	0.5760869383811951
95192	1.0
95193	1.0
95195	0.23999999463558197
95197	1.0
95198	1.0
95199	0.9951456189155579
95200	1.0
95201	1.0
95202	0.46315789222717285
95207	0.8610169291496277
95209	1.0
95210	0.1538461595773697
95211	0.8761904835700989
95213	1.0
95214	0.8693181872367859
95217	1.0
95219	0.07802874594926834
95220	0.4583333432674408
95228	0.011326860636472702
95232	0.3080168664455414
95237	0.004291845485568047
95238	1.0
95241	0.14143919944763184
95242	0.7725321650505066
95243	1.0
95245	0.5882353186607361
95246	0.4648648500442505
95247	0.3569023609161377
95248	1.0
95249	1.0
95250	0.010416666977107525
95251	1.0
95253	0.95652174949646
95254	0.978723406791687
95255	0.06666667014360428
95256	0.9622641801834106
95257	0.26582279801368713
95261	0.007751937955617905
95268	0.005494505632668734
95269	0.12435232847929001
95275	0.1666666716337204
95276	0.49193549156188965
95277	0.9880478382110596
95278	0.6964285969734192
95280	0.12027491629123688
95282	1.0
95283	0.01244813296943903
95284	1.0
95286	1.0
95287	0.4978165924549103
95289	1.0
95290	1.0
95291	0.9868420958518982
95292	1.0
95293	1.0
95299	1.0
95300	1.0
95301	1.0
95302	0.07692307978868484
95304	0.04411764815449715
95306	0.949999988079071
95307	1.0
95310	0.05806451663374901
95346	0.006451612804085016
95348	0.14855071902275085
95350	0.024390242993831635
95354	0.9005848169326782
95355	0.14824120700359344
95358	0.20000000298023224
95359	0.09929078072309494
95362	1.0
95363	1.0
95364	0.10000000149011612
95365	1.0
95366	0.6146789193153381
95368	0.8866855502128601
95369	0.013513513840734959
95370	0.9869706630706787
95372	0.3076923191547394
95373	0.2773537039756775
95374	0.9955947399139404
95375	0.6290322542190552
95376	1.0
95377	1.0
95378	1.0
95379	1.0
95383	0.23275862634181976
95384	0.4570135772228241
95385	0.030612245202064514
95388	0.24302789568901062
95408	0.10465116053819656
95411	0.3791208863258362
95418	0.08163265138864517
95419	1.0
95420	1.0
95421	1.0
95422	0.8654970526695251
95423	0.06766917556524277
95429	0.42331287264823914
95430	0.957446813583374
95431	0.9464285969734192
95440	0.11538461595773697
95441	0.1770833283662796
95443	0.05263157933950424
95444	1.0
95445	0.9886363744735718
95447	0.010781670920550823
95448	0.9506173133850098
95450	0.060975611209869385
95455	0.23364485800266266
95463	0.29629629850387573
95464	0.23999999463558197
95465	0.07482992857694626
95468	0.20179371535778046
95486	0.07692307978868484
95488	0.7368420958518982
95489	0.9357798099517822
95490	0.23595505952835083
95491	1.0
95494	0.9960784316062927
95495	1.0
95496	0.5020747184753418
95497	1.0
95498	0.23404255509376526
95499	1.0
95500	1.0
95501	0.9111111164093018
95502	1.0
95503	1.0
95504	0.03448275849223137
95505	1.0
95506	1.0
95507	1.0
95508	0.11382114142179489
95509	0.17449665069580078
95510	1.0
95511	1.0
95512	1.0
95513	1.0
95514	0.3414634168148041
95515	0.6777777671813965
95516	0.4166666567325592
95519	0.11224489659070969
95520	0.4166666567325592
95521	0.1894736886024475
95550	0.38297873735427856
95551	0.7699999809265137
95552	0.371335506439209
95554	0.9589040875434875
95555	1.0
95558	0.13777777552604675
95566	0.2854209542274475
95570	0.40625
95571	0.04930662736296654
95572	0.8733333349227905
95573	0.9776785969734192
95574	1.0
95575	1.0
95577	0.5552238821983337
95578	1.0
95579	0.8651162981987
95581	0.20849420130252838
95585	0.030716722831130028
95587	0.20222222805023193
95588	0.0071428571827709675
95596	0.9537572264671326
95597	0.6285714507102966
95603	0.135869562625885
95605	0.8265306353569031
95606	0.389952152967453
95608	1.0
95609	1.0
95613	1.0
95614	0.6009852290153503
95616	0.016877636313438416
95620	0.4147909879684448
95626	0.22653721272945404
95632	0.014035088010132313
95634	0.510869562625885
95635	0.5026738047599792
95636	0.29605263471603394
95637	0.06849315017461777
95641	0.9545454382896423
95642	1.0
95643	1.0
95644	0.328000009059906
95645	1.0
95647	1.0
95648	1.0
95649	0.6985294222831726
95650	1.0
95653	1.0
95654	0.05000000074505806
95655	1.0
95656	1.0
95659	0.2721712589263916
95663	0.9615384340286255
95665	0.14444445073604584
95667	0.6338797807693481
95669	1.0
95673	0.13846154510974884
95674	0.4679245352745056
95695	0.16551724076271057
95709	1.0
95710	1.0
95713	0.009009009227156639
95714	0.8767123222351074
95717	0.8999999761581421
95718	0.006172839552164078
95719	0.025423727929592133
95720	0.1764705926179886
95722	0.7456647157669067
95724	0.41843971610069275
95730	0.1666666716337204
95733	1.0
95735	0.48672565817832947
95737	0.016483517363667488
95740	0.5247524976730347
95743	0.9642857313156128
95745	1.0
95746	0.6774193644523621
95748	1.0
95749	1.0
95751	1.0
95752	0.8541666865348816
95754	1.0
95757	1.0
95758	1.0
95759	0.6138613820075989
95760	1.0
95761	0.02238805964589119
95762	1.0
95763	0.8496732115745544
95764	0.3115941882133484
95766	0.7924528121948242
95767	0.9384615421295166
95768	0.8432835936546326
95771	0.2202380895614624
95778	0.014634146355092525
95785	0.055045872926712036
95786	0.7346938848495483
95788	1.0
95790	0.9753521084785461
95794	0.15890410542488098
95796	1.0
95797	0.9905660152435303
95798	0.3745318353176117
95803	0.7834395170211792
95804	0.29411765933036804
95807	0.48701298236846924
95809	0.3970588147640228
95813	0.05042016878724098
95820	0.09219858050346375
95821	0.3761904835700989
95822	0.9701492786407471
95824	0.7639344334602356
95826	0.9487179517745972
95828	1.0
95829	0.17938931286334991
95830	1.0
95831	1.0
95832	0.4962962865829468
95833	1.0
95836	1.0
95838	1.0
95839	1.0
95840	0.9659090638160706
95841	0.694656491279602
95843	1.0
95845	0.7184466123580933
95847	0.8166666626930237
95848	1.0
95851	1.0
95852	1.0
95854	1.0
95855	1.0
95856	1.0
95857	1.0
95859	0.5548780560493469
95860	0.4318181872367859
95861	1.0
95862	1.0
95864	1.0
95865	1.0
95866	0.3499999940395355
95867	1.0
95868	0.9033816456794739
95869	1.0
95871	1.0
95873	0.9117646813392639
95875	0.5514705777168274
95876	1.0
95877	0.025316456332802773
95878	0.8289473652839661
95879	1.0
95880	0.39726027846336365
95884	0.9642857313156128
95887	0.6578947305679321
95889	0.18248175084590912
95891	1.0
95892	1.0
95893	1.0
95894	1.0
95895	1.0
95896	0.28260868787765503
95898	0.8117647171020508
95900	0.7138461470603943
95901	0.9830028414726257
95909	0.9807692170143127
95911	0.4444444477558136
95912	0.21917808055877686
95914	0.006756756920367479
95920	0.1498127281665802
95923	0.13333334028720856
95924	0.04411764815449715
95925	0.022727273404598236
95926	0.00817438680678606
95927	0.3553113639354706
95928	0.03030303120613098
95929	0.11009174585342407
95932	0.01986755058169365
95933	0.05228758230805397
95936	0.10000000149011612
95937	1.0
95938	1.0
95939	0.243792325258255
95941	0.04273504391312599
95946	0.8409090638160706
95947	0.8148148059844971
95950	0.550561785697937
95951	0.8255318999290466
95952	1.0
95954	1.0
95955	0.4153846204280853
95956	0.5675675868988037
95958	0.8093385100364685
95959	0.7037037014961243
95964	0.1726190447807312
95965	0.03846153989434242
95966	0.3697916567325592
95967	0.8390804529190063
95970	0.8382353186607361
95971	0.4444444477558136
95972	0.11981566995382309
95973	0.13333334028720856
95974	0.9665071964263916
95975	1.0
95976	0.08370044082403183
95979	1.0
95980	0.14800000190734863
95982	0.3834586441516876
95984	0.2432432472705841
95988	0.1878787875175476
95989	0.5344352722167969
95991	0.4052478075027466
95992	1.0
95993	0.9520000219345093
95994	1.0
95995	1.0
95996	0.7733711004257202
95997	1.0
96000	0.09743589907884598
96001	0.7609561681747437
96005	0.03947368264198303
96007	0.05999999865889549
96008	0.7008547186851501
96010	0.15988372266292572
96011	0.9863945841789246
96013	0.5429975390434265
96014	1.0
96015	0.18300653994083405
96017	1.0
96018	0.2247191071510315
96019	0.2683705985546112
96020	0.12173912674188614
96023	0.5643153786659241
96028	0.6590909361839294
96030	0.9858490824699402
96031	0.9885495901107788
96032	0.24257425963878632
96033	0.6120689511299133
96035	0.9946236610412598
96036	0.4792899489402771
96037	0.27586206793785095
96039	0.35039371252059937
96040	0.5067567825317383
96041	0.012987012974917889
96042	0.13901345431804657
96043	0.3032258152961731
96044	0.09375
96048	0.016759777441620827
96049	0.1105990782380104
96058	0.20085470378398895
96060	0.030456852167844772
96062	0.17741934955120087
96063	0.03915662690997124
96066	0.48711341619491577
96068	0.0625
96069	0.07999999821186066
96070	1.0
96072	0.8632478713989258
96076	0.0625
96078	0.41600000858306885
96079	0.6870748400688171
96080	0.9947090148925781
96082	0.5628272294998169
96083	1.0
96084	0.1145833358168602
96086	0.4113923907279968
96087	1.0
96088	0.2369668185710907
96089	1.0
96092	0.6396396160125732
96094	0.1780104786157608
96095	1.0
96097	1.0
96098	0.9126213788986206
96100	1.0
96101	0.33557048439979553
96103	0.2897959053516388
96105	0.2398190051317215
96106	0.7295597195625305
96107	0.95652174949646
96108	0.0784313753247261
96109	0.4921875
96111	0.08653846383094788
96122	0.8305084705352783
96125	0.22289156913757324
96126	0.9861751198768616
96127	1.0
96128	0.9529411792755127
96129	0.5478261113166809
96132	0.5223880410194397
96133	0.028985507786273956
96140	0.048701297491788864
96143	0.012195121496915817
96149	0.6000000238418579
96150	0.2689075767993927
96153	0.27906978130340576
96156	0.08413461595773697
96157	0.8714859485626221
96158	1.0
96159	0.12083332985639572
96161	0.3333333432674408
96164	0.05027933046221733
96166	0.9399141669273376
96167	0.5061728358268738
96168	0.9767441749572754
96169	0.24180327355861664
96171	1.0
96172	0.5848214030265808
96173	1.0
96175	0.32203391194343567
96181	0.043659042567014694
96184	0.8468468189239502
96185	0.6868686676025391
96186	0.5705705881118774
96187	1.0
96188	0.45185184478759766
96189	1.0
96190	0.8155737519264221
96192	1.0
96193	0.2907488942146301
96195	0.9405940771102905
96196	0.9709302186965942
96198	1.0
96199	0.21192052960395813
96201	1.0
96203	0.06619385629892349
96204	0.19393938779830933
96210	0.06532663106918335
96218	0.03151862323284149
96219	0.03333333507180214
96220	0.24183006584644318
96229	0.7459283471107483
96230	0.19875776767730713
96231	0.5602836608886719
96232	0.5438596606254578
96233	0.9337016344070435
96234	1.0
96235	0.02671755664050579
96236	0.46994534134864807
96237	0.7099236845970154
96238	1.0
96240	1.0
96241	0.6258277893066406
96244	0.5827067494392395
96245	0.529411792755127
96246	0.12418300658464432
96249	0.08189655095338821
96254	0.0058139534667134285
96256	0.0051282052882015705
96261	0.20454545319080353
96262	0.16945606470108032
96263	0.13584905862808228
96268	0.15340909361839294
96271	0.6771929860115051
96272	0.3333333432674408
96273	0.24172185361385345
96274	1.0
96275	0.6081560254096985
96277	0.9879032373428345
96279	0.9566115736961365
96280	0.6254295706748962
96288	0.0517241396009922
96289	0.8131868243217468
96292	1.0
96293	0.08156028389930725
96294	1.0
96296	0.07654321193695068
96299	0.026178009808063507
96302	0.8544303774833679
96304	0.7551020383834839
96305	0.9722222089767456
96307	0.5950155854225159
96311	0.800000011920929
96313	1.0
96314	0.7719869613647461
96315	1.0
96316	0.1845637559890747
96317	0.07874015718698502
96318	0.4084506928920746
96320	0.34939759969711304
96321	0.567415714263916
96323	0.3333333432674408
96325	0.016806723549962044
96330	0.03790087625384331
96334	0.2266187071800232
96336	1.0
96337	0.025641025975346565
96338	0.013605441898107529
96339	0.7111597657203674
96342	0.12090680003166199
96345	0.1659919023513794
96347	0.0731707289814949
96348	0.21875
96349	0.350597620010376
96350	0.04113924130797386
96358	0.05204461142420769
96359	0.02016128972172737
96361	0.010067113675177097
96362	0.7753304243087769
96364	0.028925620019435883
96365	0.9890109896659851
96366	0.8671875
96367	1.0
96370	1.0
96371	1.0
96373	0.09708737581968307
96375	0.3611111044883728
96376	0.6982758641242981
96377	1.0
96379	0.135869562625885
96380	0.9797979593276978
96381	0.44041451811790466
96382	0.3785310685634613
96383	0.008403361774981022
96393	0.0357142873108387
96395	0.2933333218097687
96397	0.2719298303127289
96398	0.3499999940395355
96401	1.0
96402	0.6686747074127197
96404	0.4944649338722229
96405	0.095238097012043
96407	0.2295081913471222
96408	0.9754601120948792
96409	1.0
96411	0.29901960492134094
96412	1.0
96413	1.0
96414	0.7956521511077881
96415	0.5021459460258484
96416	0.20262664556503296
96420	0.0058139534667134285
96424	0.5260869860649109
96425	0.01666666753590107
96426	0.2081081122159958
96427	0.3252279758453369
96428	0.06410256773233414
96429	1.0
96431	0.35555556416511536
96433	0.8089887499809265
96435	0.5680933594703674
96436	0.5984848737716675
96440	0.9629629850387573
96441	0.09826589375734329
96444	1.0
96445	1.0
96446	0.5874125957489014
96447	1.0
96448	0.4392523467540741
96453	0.7991452813148499
96454	0.4433962404727936
96456	0.878125011920929
96458	0.7243589758872986
96459	1.0
96460	0.7699530720710754
96461	0.1262626200914383
96462	0.9744245409965515
96463	0.10422535240650177
96464	0.8062015771865845
96465	1.0
96466	1.0
96467	1.0
96468	0.5571428537368774
96469	1.0
96473	1.0
96475	1.0
96476	0.17293232679367065
96477	0.14973261952400208
96480	1.0
96482	0.3257142901420593
96483	1.0
96484	0.2014652043581009
96485	0.8954248428344727
96486	0.873913049697876
96487	1.0
96489	0.9038461446762085
96491	0.5
96494	0.06493506580591202
96506	0.008474576286971569
96507	0.006451612804085016
96509	0.7617328763008118
96511	0.5838926434516907
96512	0.3486842215061188
96513	0.23394495248794556
96515	0.1834862381219864
96516	0.9011406898498535
96518	0.9659863710403442
96521	0.5941176414489746
96522	0.9253731369972229
96527	0.5454545617103577
96528	0.9655172228813171
96529	0.6527331471443176
96530	0.9724137783050537
96531	0.04531722143292427
96532	0.9318801164627075
96533	0.6071428656578064
96534	0.6363636255264282
96535	0.3076923191547394
96536	0.9639639854431152
96537	0.04494382068514824
96538	0.06936416029930115
96540	0.90055251121521
96541	0.7589576840400696
96542	1.0
96543	1.0
96544	0.03076923079788685
96547	0.011173184029757977
96548	1.0
96549	1.0
96550	1.0
96551	1.0
96554	0.4166666567325592
96555	0.8538011908531189
96558	0.9068322777748108
96559	0.04109589010477066
96560	0.05629139021039009
96561	0.9787985682487488
96564	0.2874493896961212
96565	0.03448275849223137
96570	0.1184210553765297
96571	0.0078125
96575	0.005076142027974129
96576	0.015337423421442509
96579	0.21463415026664734
96580	0.5129870176315308
96581	0.5926892757415771
96583	0.003937007859349251
96586	0.1627907007932663
96587	0.4753086566925049
96588	0.8755760192871094
96589	1.0
96590	0.051948051899671555
96591	0.11285266280174255
96592	0.060483869165182114
96593	0.15441176295280457
96594	0.7012345790863037
96597	0.1640625
96598	0.34688347578048706
96600	0.18143460154533386
96602	0.07829977571964264
96603	0.6862170100212097
96605	0.034364260733127594
96606	0.6302521228790283
96608	0.29729729890823364
96617	0.1559370458126068
96619	0.18367347121238708
96621	0.13725490868091583
96623	0.4880382716655731
96625	0.679425835609436
96626	0.400778204202652
96627	0.005102040711790323
96628	1.0
96629	0.47236180305480957
96631	0.9814814925193787
96632	1.0
96633	0.04500000178813934
96634	0.19742488861083984
96635	0.007299270015209913
96636	0.02857142873108387
96638	0.05289256200194359
96641	0.04280821979045868
96642	0.007633587811142206
96645	0.014084506779909134
96646	0.1111111119389534
96650	0.47546011209487915
96651	0.6373239159584045
96652	0.5423076748847961
96654	0.8440366983413696
96658	0.050156738609075546
96659	0.31382977962493896
96661	1.0
96662	0.6888889074325562
96663	0.44078946113586426
96664	0.5358361601829529
96665	0.7474048733711243
96667	0.014705882407724857
96668	0.029082773253321648
96670	1.0
96672	0.8543307185173035
96673	0.14912280440330505
96674	0.43026003241539
96675	0.0972972959280014
96678	0.04803493618965149
96679	0.02083333395421505
96686	0.2791095972061157
96687	0.4293193817138672
96688	1.0
96689	1.0
96690	1.0
96691	0.1666666716337204
96692	1.0
96693	0.6153846383094788
96697	0.012195121496915817
96699	0.07058823853731155
96709	0.13636364042758942
96711	0.9808917045593262
96712	0.5652173757553101
96717	0.5431472063064575
96722	0.10948905348777771
96743	0.1568627506494522
96744	0.1267605572938919
96747	0.45299145579338074
96749	0.36666667461395264
96753	0.32692307233810425
96757	0.8467742204666138
96759	0.17499999701976776
96761	0.9826589822769165
96762	1.0
96763	1.0
96765	0.7514792680740356
96766	0.729411780834198
96771	0.9897959232330322
96784	0.9159663915634155
96786	0.7638888955116272
96788	0.25161290168762207
96790	1.0
96792	1.0
96795	0.02777777798473835
96798	0.02380952425301075
96802	0.34306567907333374
96812	0.31111112236976624
96813	0.47457626461982727
96814	1.0
96815	0.3333333432674408
96818	1.0
96820	0.7777777910232544
96821	0.06756756454706192
96822	0.6593406796455383
96823	0.5224489569664001
96826	0.27450981736183167
96831	0.07189542800188065
96832	0.11363636702299118
96833	0.795918345451355
96834	1.0
96835	0.6578947305679321
96837	0.14705882966518402
96838	1.0
96839	1.0
96841	0.5797101259231567
96844	0.07720588147640228
96845	0.7019867300987244
96846	0.21682848036289215
96847	1.0
96848	1.0
96849	0.9160000085830688
96852	1.0
96853	0.8292682766914368
96854	0.6686046719551086
96862	0.5205992460250854
96866	0.9980506896972656
96869	0.005291005130857229
96870	0.184523805975914
96871	0.17521367967128754
96872	0.49700599908828735
96873	1.0
96874	1.0
96876	0.5386598110198975
96877	0.0034722222480922937
96878	0.26932668685913086
96880	0.05624999850988388
96881	1.0
96882	0.03030303120613098
96883	1.0
96885	0.03883495181798935
96886	0.9025641083717346
96888	0.625
96890	0.8171296119689941
96891	0.046666666865348816
96893	0.17665615677833557
96896	0.375
96897	0.3481781482696533
96898	0.17766498029232025
96900	0.14685314893722534
96907	0.30051812529563904
96908	0.164420485496521
96910	0.9333333373069763
96911	0.8146718144416809
96913	0.2777777910232544
96915	0.35080644488334656
96917	0.18333333730697632
96918	0.0025252525229007006
96919	0.14598539471626282
96920	0.10752688348293304
96943	0.014285714365541935
96944	0.032258063554763794
96948	0.011111111380159855
96950	0.8604651093482971
96953	0.993630588054657
96959	1.0
96960	0.9896907210350037
96961	0.3364928960800171
96962	0.739130437374115
96965	0.08219178020954132
96966	1.0
96968	0.6363636255264282
96969	0.44086021184921265
96970	1.0
96972	0.8695651888847351
96977	0.8529411554336548
96991	0.5921052694320679
96993	0.7053571343421936
96994	0.5572519302368164
96998	1.0
97002	0.8194444179534912
97003	1.0
97005	1.0
97007	0.39344263076782227
97008	1.0
97010	1.0
97013	1.0
97014	1.0
97015	1.0
97017	1.0
97020	1.0
97022	1.0
97023	0.09836065769195557
97025	0.0625
97027	0.699999988079071
97028	1.0
97029	0.9736841917037964
97031	0.5474860072135925
97038	0.8928571343421936
97046	0.04285714402794838
97048	0.025423727929592133
97067	0.5810810923576355
97068	0.34210526943206787
97070	0.9772727489471436
97071	0.5145630836486816
97072	1.0
97073	1.0
97074	1.0
97076	1.0
97077	1.0
97078	1.0
97079	1.0
97080	1.0
97081	1.0
97082	1.0
97086	0.9469026327133179
97095	0.06870228797197342
97098	0.673758864402771
97099	0.007462686393409967
97100	0.027397260069847107
97103	0.585106372833252
97107	0.027027027681469917
97110	0.9590643048286438
97111	0.051948051899671555
97115	0.8121212124824524
97117	1.0
97118	1.0
97119	1.0
97120	0.9907407164573669
97121	1.0
97122	0.7307692170143127
97123	0.8689655065536499
97124	0.203125
97125	0.4444444477558136
97129	0.017543859779834747
97139	0.546012282371521
97140	0.14141413569450378
97141	0.8321678042411804
97142	0.4545454680919647
97143	1.0
97144	0.8429751992225647
97145	1.0
97146	1.0
97147	1.0
97148	1.0
97149	1.0
97154	0.4107142984867096
97156	1.0
97157	1.0
97160	0.4126984179019928
97161	1.0
97162	1.0
97164	0.4266666769981384
97165	1.0
97166	1.0
97169	0.009523809887468815
97170	1.0
97172	0.7159090638160706
97174	1.0
97175	1.0
97177	1.0
97178	0.7835051417350769
97180	0.7317073345184326
97197	1.0
97199	0.9176470637321472
97200	1.0
97210	0.5909090638160706
97212	0.1822660118341446
97214	1.0
97215	0.7540983557701111
97216	0.793684184551239
97217	1.0
97218	0.9672130942344666
97219	0.11428571492433548
97220	0.364705890417099
97221	0.23550724983215332
97230	0.4066985547542572
97232	0.12711864709854126
97233	0.8888888955116272
97234	0.10285714268684387
97235	0.16923077404499054
97236	1.0
97237	0.04020100459456444
97244	0.05649717524647713
97245	0.024793388321995735
97246	0.04668304696679115
97251	1.0
97252	1.0
97253	1.0
97254	0.5365853905677795
97255	0.015037594363093376
97256	0.10294117778539658
97263	0.886426568031311
97268	0.0357142873108387
97269	0.771894097328186
97270	0.9673024415969849
97271	0.32710281014442444
97274	1.0
97276	0.6058091521263123
97277	1.0
97279	0.009999999776482582
97281	0.5853658318519592
97282	0.12935324013233185
97283	0.6333333253860474
97303	0.15492957830429077
97305	0.1304347813129425
97306	1.0
97310	0.9816513657569885
97311	0.7351351380348206
97312	1.0
97314	1.0
97315	1.0
97317	1.0
97318	0.6405228972434998
97320	1.0
97322	0.8021978139877319
97324	0.4236111044883728
97325	0.03478260710835457
97326	1.0
97327	0.25
97328	0.8351648449897766
97330	1.0
97331	1.0
97332	0.9921259880065918
97335	0.02142857201397419
97341	0.03947368264198303
97342	0.9873417615890503
97343	0.3675496578216553
97347	0.21276596188545227
97350	0.5370370149612427
97351	0.2702702581882477
97352	0.03333333507180214
97353	0.8953974843025208
97359	0.9256756901741028
97363	0.7364341020584106
97367	1.0
97370	0.6228813529014587
97372	1.0
97376	1.0
97377	0.19708029925823212
97378	0.3680555522441864
97379	0.39349111914634705
97381	0.4615384638309479
97386	0.21757322549819946
97388	0.4821428656578064
97389	0.2549019753932953
97390	1.0
97391	0.17880794405937195
97392	1.0
97393	1.0
97394	0.048245612531900406
97395	0.9506173133850098
97398	0.35922330617904663
97413	0.3463687002658844
97414	0.5909090638160706
97416	0.15789473056793213
97419	0.4262295067310333
97421	0.10447761416435242
97424	1.0
97426	1.0
97428	1.0
97431	0.7819905281066895
97432	1.0
97433	0.9470404982566833
97434	0.038869258016347885
97436	0.5214521288871765
97437	0.23185840249061584
97438	0.02838427945971489
97440	1.0
97441	0.35143768787384033
97444	1.0
97446	0.34660422801971436
97447	0.27436283230781555
97449	0.42975205183029175
97451	0.8321678042411804
97452	0.9962825179100037
97453	0.9605522751808167
97456	0.0995260700583458
97457	0.07608695328235626
97458	0.03750000149011612
97459	0.1111111119389534
97463	0.005836575757712126
97464	0.3559870421886444
97466	0.31442078948020935
97467	0.5054945349693298
97468	0.015094339847564697
97469	0.9379844665527344
97470	0.7857142686843872
97472	0.03741496428847313
97473	0.9916666746139526
97475	0.7507598996162415
97476	0.3459596037864685
97477	1.0
97478	0.9230769276618958
97479	0.8348214030265808
97480	0.6682027578353882
97482	0.40488842129707336
97486	1.0
97487	0.9888888597488403
97488	0.009661835618317127
97490	1.0
97491	0.2939068078994751
97492	1.0
97495	1.0
97496	0.5526315569877625
97497	1.0
97500	0.3857142925262451
97502	0.1606217622756958
97506	0.08510638028383255
97518	0.017391303554177284
97519	0.08536585420370102
97525	0.5699999928474426
97527	0.8830409646034241
97528	1.0
97529	0.06040268391370773
97530	0.18434342741966248
97531	1.0
97532	1.0
97534	1.0
97537	0.8142856955528259
97539	0.18681319057941437
97540	1.0
97545	0.14423076808452606
97546	1.0
97547	1.0
97549	1.0
97550	0.2897196114063263
97552	1.0
97553	1.0
97554	1.0
97555	1.0
97557	1.0
97558	1.0
97560	0.3695652186870575
97561	1.0
97562	0.8453608155250549
97563	0.9344262480735779
97564	1.0
97565	1.0
97567	1.0
97568	0.09090909361839294
97569	1.0
97571	1.0
97572	0.9156626462936401
97573	1.0
97574	1.0
97575	1.0
97576	0.8840579986572266
97577	1.0
97578	0.6296296119689941
97579	1.0
97580	0.008403361774981022
97582	1.0
97583	1.0
97584	1.0
97585	0.9182692170143127
97586	0.27142858505249023
97587	0.3404255211353302
97590	1.0
97591	0.813725471496582
97593	0.65625
97594	0.05714285746216774
97597	0.02054794505238533
97599	0.7314285635948181
97600	0.8908045887947083
97601	1.0
97602	1.0
97603	1.0
97604	1.0
97605	1.0
97606	1.0
97607	1.0
97608	1.0
97609	0.9810126423835754
97610	0.9835391044616699
97611	1.0
97612	1.0
97613	0.9318181872367859
97614	0.7570093274116516
97615	0.625
97616	0.125
97617	0.00909090880304575
97619	0.022727273404598236
97880	0.1353503167629242
97889	0.04802259802818298
97897	0.3471337556838989
97901	1.0
97906	0.16460905969142914
97922	0.24040921032428741
98015	0.07238605618476868
98020	0.3472222089767456
98021	0.11299435049295425
98024	0.7142857313156128
98025	1.0
98026	0.9213312864303589
98027	0.04668304696679115
98028	0.9933554530143738
98029	0.9210526347160339
98030	0.6948052048683167
98031	0.16853933036327362
98032	0.7526502013206482
98033	0.008130080997943878
98034	0.18530350923538208
98047	0.08174386620521545
98051	1.0
98056	0.7435897588729858
98086	0.8061538338661194
98089	0.016091953963041306
98226	0.20000000298023224
98229	0.0024691359139978886
98233	0.8461538553237915
98236	0.015810277312994003
98239	0.3032258152961731
98246	0.20972643792629242
98247	0.08984375
98248	0.2747524678707123
98255	0.012315270490944386
98258	0.04301075264811516
98368	0.9892473220825195
98371	0.6199702024459839
98383	0.7149758338928223
98386	0.09161793440580368
99294	0.469255656003952
99312	0.10541310906410217
99328	0.22448979318141937
99330	0.01595744676887989
99331	0.22580644488334656
99332	0.686274528503418
99333	0.0656934306025505
99336	0.05232558026909828
99343	1.0
99345	1.0
99347	0.002754820976406336
99348	0.7439824938774109
99461	0.3414634168148041
99462	0.04214559495449066
99482	0.9945945739746094
99485	1.0
99488	0.0416666679084301
99489	1.0
99491	1.0
99492	1.0
99494	0.9325153231620789
99495	1.0
99496	1.0
99497	1.0
99498	0.07476635277271271
99501	1.0
99503	0.9740740656852722
99505	0.2977941036224365
99506	0.22985073924064636
99509	1.0
99510	0.17528735101222992
99515	0.06396588683128357
99523	0.06315789371728897
99524	0.28828829526901245
99526	0.5
99527	1.0
99528	1.0
99531	0.3674033284187317
99532	0.27559053897857666
99533	1.0
99534	0.36263737082481384
99535	0.9833333492279053
99537	0.9710144996643066
99538	1.0
99539	1.0
99540	0.5932203531265259
99541	0.17241379618644714
99542	0.18250951170921326
99544	1.0
99545	1.0
99546	0.24922119081020355
99547	0.5473684072494507
99548	0.05428571254014969
99550	0.2777777910232544
99552	0.4635036587715149
99559	0.10041841119527817
99562	0.02777777798473835
99563	0.05000000074505806
99564	0.15267175436019897
99567	0.050847455859184265
99568	0.9766355156898499
99570	0.20077219605445862
99571	0.8028985261917114
99573	0.005970149300992489
99574	0.36329588294029236
99576	0.1492537260055542
99578	0.038910504430532455
99589	0.00657894741743803
99591	0.11206896603107452
99592	0.04568528011441231
99594	0.31355932354927063
99595	0.7512437701225281
99597	0.800000011920929
99598	1.0
99599	0.9487179517745972
99600	0.7696078419685364
99603	0.9786096215248108
99779	0.05521472543478012
99781	0.004597701132297516
99785	0.8265895843505859
99790	0.15492957830429077
99804	0.08960573375225067
99805	0.7783018946647644
99809	0.26954177021980286
99810	0.47058823704719543
99811	0.6126126050949097
99812	0.03030303120613098
99813	0.21459227800369263
99818	0.05090909078717232
99832	0.07572383433580399
99834	0.10824742168188095
99836	0.9971671104431152
99838	0.9653846025466919
99920	0.1814671754837036
99921	0.3071672320365906
99926	0.3606557250022888
99927	0.871999979019165
99930	0.976190447807312
99931	0.06829268485307693
99932	1.0
99936	0.8505154848098755
99938	0.13861386477947235
99939	1.0
99940	0.9518072009086609
99941	0.2288135588169098
99943	0.5544871687889099
99945	1.0
99946	1.0
99947	1.0
99948	1.0
99952	0.9210526347160339
99953	0.036101084202528
99954	1.0
99956	0.9772727489471436
99957	1.0
99958	0.547468364238739
99961	0.9963099360466003
100924	0.5030120611190796
100926	0.9090909361839294
100927	0.5390625
100929	0.19061583280563354
100930	1.0
100932	0.9116278886795044
100935	1.0
100936	0.0029498524963855743
100937	0.5195246338844299
100939	0.1746031790971756
100943	0.2255319207906723
100946	0.11688311398029327
100948	0.623711347579956
101131	0.02958579920232296
101132	0.581250011920929
101133	0.04771784320473671
101134	1.0
101146	0.755162239074707
101149	0.26884421706199646
101151	0.2009132355451584
101152	0.8210227489471436
101153	0.14611871540546417
101680	0.4248120188713074
101683	0.5156695246696472
101684	0.43023255467414856
101688	0.7565543055534363
101690	0.27319586277008057
101691	1.0
101692	0.006116208154708147
101693	0.7384615540504456
101694	0.8247422575950623
101696	0.02415458858013153
101700	0.03169013932347298
101701	0.14785991609096527
101703	1.0
101704	0.38260868191719055
101705	0.013698630034923553
101706	0.00716845877468586
101707	0.7734375
101710	0.07294832915067673
101716	0.9791666865348816
101717	0.8026315569877625
101718	0.7888888716697693
101720	0.35087719559669495
101722	0.15328466892242432
101723	0.9465649127960205
101725	1.0
101726	1.0
101729	1.0
101730	1.0
101731	0.8387096524238586
101732	1.0
101733	1.0
101734	0.380952388048172
101735	0.984000027179718
101736	0.3958333432674408
101739	0.0062500000931322575
101740	0.005681818351149559
101744	0.11061947047710419
101754	0.11641790717840195
101757	0.6452599167823792
101780	0.12857143580913544
101782	0.012345679104328156
101784	0.0810810774564743
101789	0.3877550959587097
101792	1.0
101795	0.5416666865348816
101796	1.0
101797	0.9518072009086609
101800	1.0
101801	1.0
101803	0.9552238583564758
101805	1.0
101806	1.0
101807	1.0
101808	1.0
101809	1.0
101810	0.9534883499145508
101811	0.24770642817020416
101812	1.0
101814	1.0
101815	1.0
101816	1.0
101817	0.9354838728904724
101818	1.0
101821	0.37704917788505554
101822	1.0
101823	1.0
101824	0.9534883499145508
101825	1.0
101828	1.0
101829	1.0
101831	0.8415841460227966
101832	0.13846154510974884
101833	0.2181818187236786
101835	0.021052632480859756
101836	0.03448275849223137
101846	1.0
101847	0.8139534592628479
101848	1.0
101850	1.0
101852	0.11428571492433548
101853	0.10687022656202316
101855	1.0
101857	1.0
101858	1.0
101859	1.0
101862	0.5522388219833374
101863	0.49275362491607666
101864	1.0
101865	1.0
101868	0.06422018259763718
101870	1.0
101871	0.3815789520740509
101878	0.010101010091602802
101887	0.22285714745521545
101888	0.0657142847776413
101889	0.014778325334191322
101890	0.4368421137332916
101891	0.8498168587684631
101892	0.16755318641662598
101893	1.0
101894	0.6298701167106628
101895	1.0
101896	1.0
101897	1.0
101898	0.9822485446929932
101899	1.0
101900	1.0
101901	0.9946523904800415
101902	0.2790178656578064
101903	0.34545454382896423
101907	0.11217948794364929
101909	0.1525423675775528
101910	0.07246376574039459
101911	0.21367521584033966
101913	0.03921568766236305
101926	0.18141593039035797
101932	0.45045045018196106
101933	0.1549815535545349
101936	0.5389610528945923
101938	0.3246753215789795
101940	1.0
101941	0.11489361524581909
101942	0.3799999952316284
101943	0.9651162624359131
101944	0.7006173133850098
101945	0.11176470667123795
101946	0.9512194991111755
101947	0.23749999701976776
101949	0.6969696879386902
101950	0.0357142873108387
101951	0.16417910158634186
101956	0.02631578966975212
101981	0.020725388079881668
101985	1.0
101988	1.0
101991	0.2222222238779068
101997	0.24390244483947754
101998	0.28313252329826355
102001	1.0
102010	0.019108280539512634
102016	0.5652173757553101
102017	1.0
102018	0.5932203531265259
102019	0.16923077404499054
102021	0.7179487347602844
102024	0.2300885021686554
102026	0.0077821011655032635
102028	0.028985507786273956
102034	0.4375
102039	0.13636364042758942
102040	0.6329787373542786
102043	0.03846153989434242
102047	0.005263158120214939
102048	0.03265305981040001
102049	1.0
102050	0.5789473652839661
102053	0.7976878881454468
102055	1.0
102057	0.4813084006309509
102058	0.9404761791229248
102059	0.9833333492279053
102060	1.0
102061	0.9842519760131836
102062	0.14763231575489044
102063	1.0
102064	0.8289473652839661
102065	0.90625
102066	1.0
102067	0.7765151262283325
102068	0.04434589669108391
102069	0.45483872294425964
102071	0.9836065769195557
102072	0.84375
102074	0.0714285746216774
102075	1.0
102078	0.7641509175300598
102079	0.08225107938051224
102080	0.3739837408065796
102085	0.06578947603702545
102101	0.10091742873191833
102103	0.48351648449897766
102104	0.1266375482082367
102105	0.9545454382896423
102106	0.8660714030265808
102108	1.0
102109	1.0
102110	0.8709677457809448
102111	1.0
102112	1.0
102113	0.5454545617103577
102114	0.044526901096105576
102116	0.30136987566947937
102117	1.0
102118	1.0
102119	0.10563380271196365
102120	0.3523809611797333
102122	0.12980769574642181
102130	0.6098360419273376
102132	0.4889867901802063
102133	0.16939890384674072
102137	0.15328466892242432
102138	1.0
102140	0.029411764815449715
102144	0.60326087474823
102145	0.30102041363716125
102147	0.9900497794151306
102148	0.6651982665061951
102150	0.035256411880254745
102151	0.004081632476300001
102153	0.12962962687015533
102154	0.3396674692630768
102156	0.26229506731033325
102158	0.018018018454313278
102161	0.04641350358724594
102162	0.4498480260372162
102163	0.0260869562625885
102165	0.06730769574642181
102166	0.16591928899288177
102169	0.011904762126505375
102171	0.2237762212753296
102172	1.0
102173	0.9647058844566345
102174	1.0
102177	0.012048192322254181
102179	0.7450000047683716
102180	0.16304348409175873
102183	1.0
102192	0.8275862336158752
102195	0.9947643876075745
102196	1.0
102199	0.025641025975346565
102200	1.0
102204	0.058139536529779434
102209	0.4712153375148773
102210	0.9322034120559692
102211	0.12195122241973877
102215	0.5479452013969421
102216	0.529411792755127
102223	0.007575757801532745
102238	0.0069444444961845875
102246	0.0032051282469183207
102248	0.849711000919342
102252	1.0
102260	1.0
102262	0.9427312612533569
102263	0.5485893487930298
102267	0.6108949184417725
102270	0.0476190485060215
102272	0.26033058762550354
102273	0.9204545617103577
102276	1.0
102278	0.8769931793212891
102279	0.0903954803943634
102282	1.0
102283	0.06542056053876877
102284	1.0
102288	0.3131672739982605
102290	0.38823530077934265
102291	1.0
102292	0.17006802558898926
102293	0.07594936341047287
102296	1.0
102303	0.995708167552948
102304	0.022727273404598236
102305	0.08421052992343903
102311	0.07086614519357681
102314	0.06818182021379471
102319	0.8598130941390991
102321	1.0
102323	1.0
102328	0.11971831321716309
102330	0.11764705926179886
102334	0.1196388229727745
102335	0.9075630307197571
102336	0.48230087757110596
102337	0.10204081982374191
102338	0.014492753893136978
102339	0.07441860437393188
102340	0.029411764815449715
102342	0.14035087823867798
102343	0.0520833320915699
102346	0.03252032399177551
102352	0.8047337532043457
102354	1.0
102355	0.7677053809165955
102356	0.017937220633029938
102357	0.15433403849601746
102362	1.0
102365	0.004201680887490511
102367	0.026595745235681534
102368	0.07500000298023224
102369	0.5462185144424438
102370	0.5669013857841492
102371	0.14150942862033844
102373	1.0
102375	0.9323943853378296
102376	1.0
102377	1.0
102380	0.6234939694404602
102381	0.34507042169570923
102382	0.2544378638267517
102383	0.0018450184725224972
102384	0.9770641922950745
102392	0.2874999940395355
102393	0.1276102066040039
102395	0.006787330377846956
102396	0.16260161995887756
102397	0.7222222089767456
102398	0.3822784721851349
102399	0.014285714365541935
102400	0.22085890173912048
102407	0.6153846383094788
102414	0.8242424130439758
102419	0.5
102420	1.0
102426	1.0
102427	0.375
102428	1.0
102433	0.9350649118423462
102434	1.0
102436	1.0
102440	1.0
102445	0.8691588640213013
102447	1.0
102450	1.0
102453	0.027027027681469917
102455	1.0
102456	0.07920791953802109
102475	1.0
102476	1.0
102477	1.0
102479	1.0
102481	1.0
102482	1.0
102483	0.7810651063919067
102484	0.9696969985961914
102485	1.0
102486	1.0
102487	1.0
102489	0.9848484992980957
102491	0.656862735748291
102496	0.16483516991138458
102497	0.051643192768096924
102500	0.018018018454313278
102504	0.011976048350334167
102507	0.9942196607589722
102508	0.7458100318908691
102509	1.0
102510	0.9885714054107666
102511	0.970588207244873
102512	0.624535322189331
102514	0.002747252816334367
102519	0.41258740425109863
102520	0.938095211982727
102521	0.634782612323761
102522	0.7878788113594055
102523	1.0
102524	0.9598393440246582
102525	0.9121951460838318
102526	1.0
102527	0.8081181049346924
102534	0.1882352977991104
102538	0.1349206417798996
102541	0.6172839403152466
102543	0.06451612710952759
102545	1.0
102547	0.04800000041723251
102550	0.5544554591178894
102551	0.024793388321995735
102556	0.9857819676399231
102559	1.0
102560	0.5639534592628479
102562	0.48704662919044495
102570	0.3720930218696594
102571	0.8117284178733826
102573	1.0
102574	0.14438502490520477
102577	0.01796407252550125
102579	0.9266666769981384
102582	0.4931972920894623
102585	0.6000000238418579
102590	0.9436619877815247
102591	1.0
102592	0.21612903475761414
102594	0.3214285671710968
102595	0.773809552192688
102596	1.0
102599	1.0
102600	1.0
102601	1.0
102602	0.07228915393352509
102610	1.0
102611	1.0
102612	0.2142857164144516
102613	0.5353535413742065
102615	1.0
102616	0.9867841601371765
102618	0.37142857909202576
102624	0.07096774131059647
102628	0.5982142686843872
102629	0.9629629850387573
102630	0.18817204236984253
102631	1.0
102632	0.9915966391563416
102633	1.0
102634	1.0
102637	0.4769230782985687
102638	0.9312169551849365
102639	1.0
102640	1.0
102641	0.7727272510528564
102642	1.0
102643	1.0
102645	0.23595505952835083
102646	0.94017094373703
102648	0.7678571343421936
102650	0.39823007583618164
102661	0.2230769246816635
102662	0.1859649121761322
102665	0.6503267884254456
102668	0.022792022675275803
102669	0.7874564528465271
102670	0.15172414481639862
102671	0.04026845470070839
102673	0.9906542301177979
102678	0.8314606547355652
102680	1.0
102681	0.5587188601493835
102683	0.02631578966975212
102686	0.8761904835700989
102687	0.19565217196941376
102690	0.6690647602081299
102692	0.48543688654899597
102694	0.09166666865348816
102697	0.05882352963089943
102705	0.1342281848192215
102708	0.4173228442668915
102710	0.23026315867900848
102712	0.3099730312824249
102713	0.49504950642585754
102715	0.07878787815570831
102718	0.5659722089767456
102720	0.04411764815449715
102721	0.9193548560142517
102722	0.9699570536613464
102723	0.06666667014360428
102724	0.9250814318656921
102728	0.3529411852359772
102729	0.21969696879386902
102730	0.024539876729249954
102738	0.0533333346247673
102739	0.7910447716712952
102743	0.015748031437397003
102744	0.20958083868026733
102745	0.20000000298023224
102746	0.046875
102760	0.09433962404727936
102763	0.49438202381134033
102764	0.013513513840734959
102765	0.025641025975346565
102767	0.6363636255264282
102768	1.0
102769	1.0
102771	1.0
102772	1.0
102774	1.0
102775	0.8928571343421936
102776	1.0
102777	1.0
102778	1.0
102780	1.0
102781	0.9895833134651184
102782	1.0
102784	1.0
102785	1.0
102786	1.0
102787	1.0
102788	1.0
102789	1.0
102790	1.0
102792	1.0
102793	1.0
102794	1.0
102796	0.009302325546741486
102797	1.0
102798	0.9504950642585754
102799	1.0
102800	1.0
102801	0.03448275849223137
102805	0.7130919098854065
102806	0.11888112127780914
102807	0.0791139230132103
102808	0.02866242080926895
102810	1.0
102811	0.5792682766914368
102813	1.0
102814	0.5169082283973694
102815	0.9894737005233765
102816	0.28723403811454773
102817	1.0
102818	0.003968254197388887
102819	0.2933884263038635
102820	0.22972972691059113
102825	0.8122448921203613
102827	0.9375
102828	0.0458715595304966
102829	0.7609755992889404
102831	0.2996254563331604
102832	0.0634920671582222
102833	0.8345323801040649
102835	0.6086956262588501
102836	1.0
102837	1.0
102839	0.8565022349357605
102840	1.0
102842	0.6136363744735718
102843	0.959770143032074
102845	0.03619909659028053
102846	0.908088207244873
102847	0.03619909659028053
102848	0.5019920468330383
102849	0.020576132461428642
102862	0.010309278033673763
102863	0.10328638553619385
102865	0.9637096524238586
102870	0.8177570104598999
102871	0.5826972126960754
102872	0.9300000071525574
102873	0.770588219165802
102876	0.1679999977350235
102879	0.3781512677669525
102880	0.19889502227306366
102883	0.01092896144837141
102892	0.02923976629972458
102894	0.8689138293266296
102895	0.9930555820465088
102896	0.09452736377716064
102897	0.24770642817020416
102898	0.3663366436958313
102899	0.23076923191547394
102920	0.5958904027938843
102922	0.7310344576835632
102923	0.018518518656492233
102928	0.29807692766189575
102935	0.04724409431219101
102937	0.06060606241226196
102940	0.939393937587738
102941	0.6310160160064697
102950	0.16814158856868744
102952	0.8128654956817627
102956	0.1497584581375122
102957	0.6645962595939636
102958	1.0
102960	0.8920863270759583
102961	1.0
102962	1.0
102963	1.0
102964	0.10126582533121109
102966	0.6015625
102967	0.005917159840464592
102972	0.014018691144883633
102976	0.31216931343078613
102977	0.05489259958267212
102979	0.007067137863487005
102981	0.9936102032661438
102982	0.05025125667452812
102984	0.40740740299224854
102986	1.0
102987	0.03267974033951759
102989	0.8163265585899353
102990	0.4842519760131836
102991	0.1267605572938919
102992	0.09823677688837051
102993	1.0
102994	0.1967741996049881
102995	0.686170220375061
102996	1.0
102997	0.2857142984867096
102998	0.8383233547210693
102999	0.20000000298023224
103003	0.09183673560619354
103005	0.29556649923324585
103008	0.017123287543654442
103010	0.2681564390659332
103011	0.594059407711029
103012	1.0
103013	1.0
103014	1.0
103015	1.0
103016	1.0
103017	1.0
103018	0.5178571343421936
103019	1.0
103020	1.0
103021	1.0
103022	1.0
103023	1.0
103024	0.8965517282485962
103025	0.602150559425354
103026	0.8477157354354858
103027	0.6666666865348816
103028	1.0
103029	0.47804877161979675
103031	0.5803921818733215
103033	1.0
103034	1.0
103036	0.04109589010477066
103037	0.03267974033951759
103038	0.36206895112991333
103041	0.36986300349235535
103044	0.0569620244204998
103046	1.0
103047	0.14615385234355927
103048	0.3208955228328705
103049	0.16842105984687805
103050	0.9545454382896423
103051	1.0
103054	0.0051282052882015705
103055	0.5097087621688843
103058	1.0
103059	0.6000000238418579
103064	0.3494623601436615
103071	0.8140096664428711
103072	0.051779936999082565
103073	0.14163090288639069
103074	0.4116095006465912
103076	0.18691588938236237
103081	0.007633587811142206
103082	0.9342857003211975
103084	1.0
103085	1.0
103086	0.8245614171028137
103089	1.0
103091	0.13615024089813232
103094	0.013888888992369175
103096	0.7915058135986328
103101	0.3037974536418915
103107	0.7488151788711548
103112	0.5048543810844421
103118	0.9305555820465088
103119	0.95652174949646
103121	1.0
103123	0.11666666716337204
103126	0.9900990128517151
103128	1.0
103130	1.0
103131	1.0
103133	0.6703296899795532
103134	1.0
103135	1.0
103137	0.4215686321258545
103140	1.0
103141	0.9251968264579773
103142	1.0
103145	0.6912181377410889
103146	0.6310160160064697
103147	0.7080000042915344
103148	0.5064102411270142
103152	0.37343358993530273
103171	0.09583333134651184
103173	0.2401960790157318
103177	0.9072580933570862
103179	0.6135265827178955
103181	0.7359550595283508
103182	0.10148514807224274
103186	0.8773584961891174
103191	1.0
103200	0.8488371968269348
103201	0.01875000074505806
103203	0.19285714626312256
103204	0.06666667014360428
103206	0.5721518993377686
103208	0.7299270033836365
103209	0.4193038046360016
103210	1.0
103213	1.0
103214	0.7979381680488586
103216	1.0
103217	0.38679245114326477
103218	0.9936507940292358
103219	1.0
103220	1.0
103222	1.0
103223	0.15991902351379395
103224	0.8539325594902039
103225	0.007299270015209913
103226	0.954954981803894
103227	0.1818181872367859
103229	0.005747126415371895
103230	0.9975903630256653
103235	0.09963767975568771
103236	0.8695651888847351
103237	0.389380544424057
103238	0.051948051899671555
103239	0.022123893722891808
103243	0.008333333767950535
103244	0.9534883499145508
103245	0.3801916837692261
103246	0.06914893537759781
103247	0.2078431397676468
103248	1.0
103249	0.6333333253860474
103250	0.5714285969734192
103256	0.25211864709854126
103257	0.010582010261714458
103260	0.969072163105011
103261	0.5582089424133301
103262	0.8256410360336304
103265	0.3274647891521454
103266	0.005893909838050604
103267	0.38461539149284363
103268	0.00800000037997961
103273	1.0
103275	1.0
103276	0.8780487775802612
103279	0.06521739065647125
103280	1.0
103281	0.6454352736473083
103283	0.990963876247406
103285	1.0
103286	0.005917159840464592
103287	0.9775967597961426
103288	0.5714285969734192
103291	0.3348519504070282
103292	0.6857143044471741
103294	0.07804878056049347
103309	0.8620689511299133
103310	0.4154929518699646
103311	0.9541284441947937
103318	0.04516129195690155
103325	0.7551020383834839
103328	1.0
103330	0.1666666716337204
103333	0.7974026203155518
103335	0.5645161271095276
103336	0.14244185388088226
103339	0.20879121124744415
103340	0.6153846383094788
103342	0.9555895924568176
103346	0.20353981852531433
103353	1.0
103354	0.0742659792304039
103356	0.0036764706019312143
103357	0.780075192451477
103359	0.19354838132858276
103360	0.510948896408081
103362	0.7190082669258118
103364	0.8846153616905212
103366	0.3404255211353302
103371	0.33128833770751953
103376	0.7032257914543152
103380	1.0
103381	0.8524590134620667
103382	0.2469135820865631
103387	0.36974790692329407
103390	0.00319488812237978
103392	0.00561797758564353
103395	0.782608687877655
103396	0.5177865624427795
103397	0.010869565419852734
103400	0.5918367505073547
103402	1.0
103403	0.84375
103405	0.8603696227073669
103406	1.0
103407	1.0
103408	0.8304093480110168
103409	1.0
103410	0.1230769231915474
103411	0.9932659864425659
103412	0.9926470518112183
103414	0.6259542107582092
103415	0.04918032884597778
103417	0.8253968358039856
103419	0.46038544178009033
103421	0.02857142873108387
103434	0.3913043439388275
103437	0.07692307978868484
103438	0.31210190057754517
103439	1.0
103440	0.004048583097755909
103445	0.2522522509098053
103448	0.44258373975753784
103455	1.0
103457	0.39436620473861694
103459	1.0
103462	0.10869564861059189
103463	0.06690140813589096
103466	0.267123281955719
103467	0.33023256063461304
103471	0.34375
103477	0.84375
103481	0.10294117778539658
103482	0.8428184390068054
103488	0.0049019609577953815
103490	0.08436214178800583
103491	0.03125
103493	0.5742574334144592
103495	0.9431818127632141
103496	1.0
103498	0.2163742631673813
103509	0.09917355328798294
103512	0.22457626461982727
103514	0.9918032884597778
103515	1.0
103516	1.0
103517	0.15662650763988495
103518	0.6352201104164124
103519	1.0
103520	1.0
103524	0.016470588743686676
103525	0.09333333373069763
103528	0.024390242993831635
103535	0.12195122241973877
103538	0.05992509424686432
103539	0.7647058963775635
103540	0.36000001430511475
103545	0.29661017656326294
103547	0.9849624037742615
103548	0.512738823890686
103549	0.046296294778585434
103550	0.4406130313873291
103551	0.37857142090797424
103552	1.0
103554	1.0
103555	1.0
103556	1.0
103560	1.0
103561	0.9627507328987122
103562	0.0673913061618805
103563	0.8963414430618286
103564	0.2380952388048172
103565	0.12040133774280548
103568	0.018567638471722603
103571	0.09543568640947342
103575	0.26778241991996765
103577	0.30582523345947266
103579	0.021447721868753433
103580	0.32307693362236023
103581	0.0810810774564743
103582	0.9962121248245239
103583	0.833984375
103586	0.23076923191547394
103598	0.007905138656497002
103602	0.14111922681331635
103603	0.04444444552063942
103604	0.9554317593574524
103605	1.0
103606	0.9589743614196777
103607	0.2810457646846771
103612	0.09677419066429138
103615	0.09900990128517151
103616	0.03076923079788685
103617	0.2075098752975464
103618	0.9594095945358276
103619	1.0
103620	0.9732620120048523
103621	1.0
103623	0.8415841460227966
103624	0.38131314516067505
103625	0.016055045649409294
103626	1.0
103627	1.0
103628	1.0
103630	0.149825781583786
103631	0.41025641560554504
103632	0.8073654174804688
103634	0.03105590119957924
103636	0.036363635212183
103639	0.9525691866874695
103641	0.18232044577598572
103643	1.0
103645	0.1708860695362091
103646	0.28260868787765503
103647	0.10144927352666855
103648	0.8381502628326416
103650	0.9781022071838379
103653	0.8579545617103577
103656	0.1881188154220581
103659	0.3333333432674408
103660	0.05050504952669144
103663	0.4202898442745209
103667	0.7142857313156128
103669	0.2133333384990692
103677	0.0078125
103678	0.43918919563293457
103679	0.25882354378700256
103683	0.9263803958892822
103684	1.0
103686	0.3057851195335388
103687	0.9121951460838318
103691	0.08403361588716507
103694	0.01773049682378769
103695	1.0
103696	0.573816180229187
103699	0.994966447353363
103700	0.7094594836235046
103702	1.0
103703	1.0
103707	0.5814696550369263
103708	0.013513513840734959
103709	0.16153846681118011
103712	0.23893804848194122
103715	0.4070175290107727
103717	0.13709677755832672
103719	0.010869565419852734
103725	0.045258618891239166
103728	0.6765957474708557
103729	0.1968616247177124
103730	0.013745704665780067
103733	0.0555555559694767
103734	0.1824212223291397
103736	0.7546666860580444
103739	0.22191011905670166
103741	1.0
103742	1.0
103743	0.22516556084156036
103746	0.9066389799118042
103747	0.009823182597756386
103748	0.048701297491788864
103750	1.0
103751	0.7241379022598267
103755	1.0
103757	0.10050251334905624
103758	0.41803279519081116
103759	1.0
103762	1.0
103764	0.5928853750228882
103769	0.004566209856420755
103772	0.006896551698446274
103775	0.8461538553237915
103776	0.49142858386039734
103777	0.9950980544090271
103778	1.0
103779	1.0
103783	0.5772727131843567
103784	0.6043956279754639
103785	0.39024388790130615
103791	1.0
103793	0.38053098320961
103796	0.4883720874786377
103799	0.6513761281967163
103809	0.6101694703102112
103810	0.9523809552192688
103811	0.698630154132843
103812	1.0
103813	0.9086294174194336
103814	1.0
103815	0.03448275849223137
103818	0.4285714328289032
103819	1.0
103822	0.20560747385025024
103830	0.06535948067903519
103831	0.32392027974128723
103836	0.07468879967927933
103837	1.0
103840	0.46979865431785583
103843	0.224832221865654
103844	0.9539170265197754
103849	0.0028490028344094753
103854	0.5
103857	0.9107142686843872
103861	0.41600000858306885
103863	0.01515151560306549
103865	0.38372093439102173
103866	0.9969040155410767
103867	0.9651162624359131
103868	0.3861892521381378
103875	0.0776699036359787
103881	0.05621301755309105
103891	0.1572052389383316
103893	0.29241877794265747
103894	0.769911527633667
103895	0.19325841963291168
103897	0.1314285695552826
103898	0.8893442749977112
103899	1.0
103900	0.7877358198165894
103902	0.03363914415240288
103903	1.0
103904	1.0
103905	1.0
103906	1.0
103907	1.0
103908	1.0
103909	1.0
103911	0.9197324514389038
103912	1.0
103913	0.06376811861991882
103915	0.7955112457275391
103916	1.0
103917	1.0
103918	1.0
103919	0.4029850661754608
103920	1.0
103921	1.0
103922	1.0
103923	1.0
103925	1.0
103926	0.7795918583869934
103927	1.0
103929	1.0
103931	0.9254658222198486
103932	1.0
103933	0.8888888955116272
103935	0.8840579986572266
103937	0.37171053886413574
103939	0.032258063554763794
103941	0.8801843523979187
103942	0.13617020845413208
103943	0.03703703731298447
103944	0.10000000149011612
103945	0.8686131238937378
103947	0.368794322013855
103949	1.0
103951	0.9955947399139404
103957	0.25833332538604736
103958	0.6834532618522644
103959	0.10367892682552338
103960	0.2385786771774292
103961	1.0
103962	0.9656862616539001
103964	0.0069444444961845875
103966	0.8823529481887817
103967	0.46706587076187134
103968	0.9644970297813416
103969	0.9268292784690857
103971	0.855967104434967
103972	1.0
103974	0.17241379618644714
103975	0.13725490868091583
103976	0.24242424964904785
103977	0.10294117778539658
103984	0.2636815905570984
103985	0.2254098355770111
103986	0.9399999976158142
103987	0.033557046204805374
103988	0.7733333110809326
103989	0.4803149700164795
103991	0.5054945349693298
103992	0.9684210419654846
103993	0.7759562730789185
103994	0.40184757113456726
104000	0.14845360815525055
104001	0.043290045112371445
104002	0.8898550868034363
104003	0.0390625
104004	1.0
104005	0.00358422938734293
104006	0.6440678238868713
104007	0.1428571492433548
104008	0.47227925062179565
104009	0.9507042169570923
104010	1.0
104012	0.5614035129547119
104015	0.25
104016	0.24761904776096344
104022	0.4067796468734741
104023	1.0
104024	0.5303030014038086
104026	1.0
104027	1.0
104028	1.0
104029	0.688524603843689
104031	1.0
104032	1.0
104033	0.7543859481811523
104038	0.017241379246115685
104039	0.07407407462596893
104040	0.19374999403953552
104041	0.12987013161182404
104042	1.0
104045	1.0
104046	1.0
104047	0.021008403971791267
104048	0.6917098164558411
104049	0.5862069129943848
104050	1.0
104052	1.0
104053	0.4621514081954956
104054	1.0
104055	1.0
104058	1.0
104059	1.0
104060	0.5768116116523743
104061	1.0
104062	0.002481389557942748
104064	1.0
104065	0.5
104066	0.185628741979599
104069	0.22368420660495758
104071	0.4421168565750122
104072	0.7580645084381104
104073	1.0
104074	0.6512141227722168
104076	0.6274510025978088
104077	0.2195121943950653
104082	0.3870967626571655
104088	0.033426184207201004
104089	0.012096773833036423
104114	0.23821990191936493
104116	0.1818181872367859
104117	0.14765100181102753
104118	0.6652977466583252
104120	0.6203703880310059
104126	1.0
104129	0.6773163080215454
104130	1.0
104131	0.7864077687263489
104133	0.8657143115997314
104134	0.18208955228328705
104135	1.0
104136	1.0
104137	0.9528301954269409
104138	1.0
104140	1.0
104142	1.0
104143	0.6373873949050903
104145	1.0
104146	1.0
104150	1.0
104155	0.21387283504009247
104156	0.8828125
104157	0.6234177350997925
104160	0.15444014966487885
104162	1.0
104165	1.0
104166	0.5201342105865479
104168	1.0
104169	1.0
104170	1.0
104171	1.0
104173	1.0
104175	0.7988826632499695
104177	1.0
104179	1.0
104182	1.0
104183	1.0
104184	0.3245823383331299
104189	0.4313725531101227
104190	0.5103305578231812
104200	0.09509202092885971
104201	0.30239519476890564
104203	0.9857819676399231
104204	0.13414634764194489
104206	1.0
104208	0.9648241400718689
104209	1.0
104211	0.6851851940155029
104212	0.9918919205665588
104214	1.0
104216	1.0
104217	0.05597015097737312
104218	1.0
104219	1.0
104221	1.0
104222	1.0
104223	1.0
104225	0.6297872066497803
104227	0.9778393507003784
104228	1.0
104229	0.004566209856420755
104237	0.1838006228208542
104238	0.293172687292099
104241	0.06548672914505005
104242	0.00691244238987565
104243	1.0
104244	0.9874476790428162
104245	0.13368983566761017
104246	0.10000000149011612
104256	0.1731843501329422
104261	0.5407407283782959
104262	0.05436893180012703
104268	0.27419355511665344
104272	0.29347825050354004
104278	0.4233871102333069
104282	0.25
104283	0.21708184480667114
104284	0.03267974033951759
104287	0.9425837397575378
104288	0.2510121464729309
104292	0.20000000298023224
104294	0.7194244861602783
104296	0.41129031777381897
104298	0.2278820425271988
104299	0.0602409653365612
104300	1.0
104301	1.0
104302	0.07518796622753143
104303	0.32863849401474
104304	1.0
104308	0.0625
104309	1.0
104310	0.04210526496171951
104311	0.875
104312	0.9946091771125793
104313	1.0
104315	1.0
104317	1.0
104318	1.0
104320	0.8181818127632141
104325	1.0
104326	0.03703703731298447
104328	1.0
104330	1.0
104331	1.0
104334	1.0
104335	1.0
104336	1.0
104338	1.0
104339	1.0
104347	0.1171875
104348	0.09905660152435303
104349	0.410526305437088
104350	0.46190476417541504
104351	0.6129032373428345
104352	0.24686191976070404
104353	1.0
104354	0.08123249560594559
104355	1.0
104356	0.5859031081199646
104358	1.0
104359	1.0
104360	1.0
104361	0.9669421315193176
104362	1.0
104363	1.0
104364	0.13903743028640747
104365	1.0
104366	1.0
104367	1.0
104368	1.0
104369	1.0
104370	1.0
104371	1.0
104372	1.0
104373	0.7083333134651184
104374	0.08097165822982788
104375	1.0
104376	1.0
104377	0.9276018142700195
104378	1.0
104379	0.5852272510528564
104381	1.0
104383	0.7067039012908936
104387	0.09243697673082352
104389	1.0
104390	1.0
104391	0.46192893385887146
104392	0.7200000286102295
104395	0.42446044087409973
104396	0.12820513546466827
104397	0.016393441706895828
104398	0.40860214829444885
104400	0.07075471431016922
104408	0.43670886754989624
104409	0.007518797181546688
104411	0.9034267663955688
104412	0.5865921974182129
104413	0.7515151500701904
104427	0.3684210479259491
104431	0.3193277418613434
104434	0.08677686005830765
104435	0.04020100459456444
104437	0.04371584579348564
104441	0.9681274890899658
104442	0.9527027010917664
104443	0.1328125
104445	0.9892473220825195
104446	0.095238097012043
104447	0.5522388219833374
104448	0.39498433470726013
104449	0.15186245739459991
104450	0.10211267322301865
104454	0.5447470545768738
104456	1.0
104457	0.5308988690376282
104459	1.0
104460	0.7046783566474915
104461	0.6481481194496155
104462	1.0
104466	1.0
104467	1.0
104468	0.02153846062719822
104469	0.75789475440979
104471	1.0
104472	0.8761467933654785
104473	0.940119743347168
104475	0.04827586188912392
104485	0.23589743673801422
104488	0.043478261679410934
104489	0.5148935914039612
104490	1.0
104492	0.2109004706144333
104493	0.5284552574157715
104494	1.0
104495	0.8333333134651184
104496	0.8616600632667542
104500	0.9685039520263672
104501	0.099609375
104502	0.9330543875694275
104503	0.006211180239915848
104504	1.0
104505	1.0
104507	0.1428571492433548
104508	0.9972144961357117
104509	1.0
104513	0.6944444179534912
104514	0.36231884360313416
104515	1.0
104518	0.5551180839538574
104519	0.04790419340133667
104520	0.35638296604156494
104542	0.44078946113586426
104544	0.004769475199282169
104545	0.2085106372833252
104548	0.9312977194786072
104549	1.0
104550	0.42211055755615234
104552	0.7509434223175049
104553	0.49843260645866394
104554	0.1834319531917572
104555	0.5161290168762207
104565	0.7720588445663452
104567	0.0446428582072258
104569	0.582608699798584
104570	0.316546767950058
104571	1.0
104574	0.49152541160583496
104575	0.6488549709320068
104577	0.11597374081611633
104578	0.1493975967168808
104580	0.02777777798473835
104584	0.0041841003112494946
104586	0.42934781312942505
104587	0.19620253145694733
104592	1.0
104593	1.0
104594	1.0
104595	0.5394737124443054
104596	1.0
104599	0.02283105067908764
104600	0.19354838132858276
104602	1.0
104604	0.9502487778663635
104607	0.9090909361839294
104608	0.3008849620819092
104611	1.0
104613	1.0
104615	0.8936170339584351
104616	1.0
104619	1.0
104620	0.12557077407836914
104621	0.36399999260902405
104625	0.7460317611694336
104626	0.8360655903816223
104627	0.21301774680614471
104629	0.034408602863550186
104633	0.8295964002609253
104634	0.3358585834503174
104640	0.14858490228652954
104643	0.34090909361839294
104644	0.7271317839622498
104645	0.21453286707401276
104648	0.3589743673801422
104650	0.5135135054588318
104651	0.005102040711790323
104653	0.6009615659713745
104654	0.3478260934352875
104656	0.24193547666072845
104657	0.14649681746959686
104661	0.10784313827753067
104664	0.9629629850387573
104671	0.454054057598114
104672	0.1111111119389534
104675	0.04731861129403114
104676	0.13793103396892548
104680	1.0
104681	0.9526066184043884
104682	0.5880281925201416
104683	0.04931506887078285
104684	0.020202020183205605
104686	0.7467811107635498
104700	0.19108280539512634
104703	0.7796052694320679
104704	0.4516128897666931
104706	0.44386422634124756
104708	0.043478261679410934
104709	0.8111587762832642
104711	0.5195530652999878
104712	0.43065693974494934
104713	0.38732394576072693
104716	0.02090592309832573
104722	0.1367521435022354
104727	0.1515151560306549
104728	0.07792207598686218
104731	0.02631578966975212
104742	0.2663043439388275
104745	0.8708333373069763
104747	1.0
104748	0.9931034445762634
104749	1.0
104750	0.9180327653884888
104751	0.2133333384990692
104753	1.0
104754	1.0
104755	0.012987012974917889
104756	1.0
104757	1.0
104758	1.0
104759	1.0
104760	1.0
104761	1.0
104762	0.9056603908538818
104764	0.6818181872367859
104765	0.11538461595773697
104768	1.0
104769	1.0
104771	0.5106382966041565
104776	0.6036585569381714
104778	0.19272726774215698
104783	0.008849557489156723
104785	0.007117437664419413
104794	0.13503649830818176
104795	0.9221556782722473
104796	0.9576271176338196
104797	0.125827819108963
104800	0.19230769574642181
104801	1.0
104804	0.0058139534667134285
104805	0.808625340461731
104806	0.3963133692741394
104808	0.02631578966975212
104810	0.7810945510864258
104811	0.015197568573057652
104812	1.0
104824	1.0
104826	0.04189944267272949
104828	0.044897958636283875
104829	0.7555146813392639
104837	0.14979757368564606
104838	0.30136987566947937
104839	0.17712177336215973
104840	1.0
104842	1.0
104844	0.06343283504247665
104845	0.9814814925193787
104847	1.0
104848	0.8598901033401489
104850	0.15454545617103577
104852	0.03846153989434242
104863	0.037974681705236435
104865	0.1066666692495346
104869	0.104347825050354
104871	0.16875000298023224
104872	1.0
104873	1.0
104876	0.3564356565475464
104877	1.0
104878	1.0
104879	1.0
104881	1.0
104882	0.9666666388511658
104883	0.3125
104886	0.7470816969871521
104887	0.02469135820865631
104888	0.8230088353157043
104893	0.09375
104896	0.0038314175326377153
104907	0.01587301678955555
104909	0.40816327929496765
104910	0.07042253762483597
104912	0.5714285969734192
104913	0.2888889014720917
104914	0.7819548845291138
104915	1.0
104916	1.0
104917	0.005050505045801401
104918	0.9324324131011963
104919	1.0
104920	0.7886179089546204
104921	0.74210524559021
104922	1.0
104923	0.21192052960395813
104924	0.1269841343164444
104925	1.0
104926	0.9193548560142517
104927	1.0
104928	0.9473684430122375
104930	0.9866666793823242
104932	0.5940170884132385
104933	0.0062500000931322575
104936	0.966183602809906
104946	1.0
104947	0.28306877613067627
104948	1.0
104951	0.041401274502277374
104955	0.32586556673049927
104957	1.0
104958	1.0
104960	0.007662835065275431
104961	0.4248366057872772
104965	0.43359375
104970	0.3103448152542114
104971	0.1666666716337204
104972	0.7763975262641907
104973	0.09582309424877167
104975	0.6190476417541504
104977	0.17067307233810425
104978	0.6564626097679138
104979	0.7343173623085022
104980	0.05483028665184975
104981	0.06401138007640839
104982	0.0590277761220932
104983	0.7915632724761963
104984	0.0026455025654286146
104989	0.8835616707801819
104990	0.2237762212753296
104993	0.013274336233735085
104994	0.021148037165403366
104995	0.8451776504516602
104996	0.01895734667778015
104997	0.3905579447746277
105001	0.08641975373029709
105002	0.1269841343164444
105003	1.0
105004	0.9790794849395752
105005	0.0060240961611270905
105008	0.4292035400867462
105012	1.0
105013	0.9882698059082031
105017	0.08974359184503555
105019	0.3416927754878998
105020	0.41578948497772217
105022	0.18987341225147247
105023	0.3258785903453827
105028	0.09917355328798294
105029	0.8730570077896118
105032	0.2366071492433548
105034	1.0
105038	1.0
105040	0.6687999963760376
105041	1.0
105045	0.06593406945466995
105048	1.0
105058	0.0069444444961845875
105067	0.02222222276031971
105070	0.823293149471283
105075	0.9405204653739929
105077	0.08455882221460342
105080	0.08368200808763504
105082	0.9015151262283325
105083	1.0
105085	0.3645833432674408
105086	0.039603959769010544
105091	0.8840579986572266
105095	0.7823129296302795
105101	0.025423727929592133
105105	0.0517241396009922
105107	0.3283582031726837
105108	0.09638553857803345
105109	0.08717948943376541
105110	0.07569721341133118
105112	0.9738219976425171
105114	0.7817258834838867
105116	1.0
105118	1.0
105120	0.07518796622753143
105121	0.11178247630596161
105124	1.0
105125	1.0
105126	1.0
105127	1.0
105131	0.21167883276939392
105132	1.0
105135	0.24253731966018677
105136	0.3529411852359772
105140	0.265625
105142	0.35514017939567566
105146	0.0077220075763762
105148	0.012345679104328156
105152	0.12162162363529205
105154	0.43842363357543945
105155	0.10455764085054398
105156	0.38401558995246887
105157	0.9133663177490234
105160	0.23353293538093567
105163	0.5616438388824463
105164	1.0
105165	1.0
105166	1.0
105167	1.0
105168	1.0
105169	1.0
105170	0.8404908180236816
105171	1.0
105172	1.0
105173	0.03703703731298447
105174	1.0
105176	1.0
105177	0.9954128265380859
105178	1.0
105179	0.8510638475418091
105180	0.9444444179534912
105181	0.31111112236976624
105182	0.35483869910240173
105183	0.17391304671764374
105184	0.34337350726127625
105185	0.02450980432331562
105195	0.5223880410194397
105196	0.007067137863487005
105197	0.925000011920929
105198	1.0
105199	0.1358024626970291
105200	0.5582329034805298
105202	0.6383602023124695
105207	0.048701297491788864
105212	0.012195121496915817
105223	0.15816326439380646
105224	0.032786883413791656
105225	0.6739726066589355
105228	0.20000000298023224
105229	0.4296296238899231
105230	0.06818182021379471
105232	0.747474730014801
105234	0.9622641801834106
105236	1.0
105238	1.0
105239	0.9529411792755127
105240	1.0
105241	1.0
105242	0.02857142873108387
105243	0.8971962332725525
105244	1.0
105245	0.9857142567634583
105246	0.27218934893608093
105248	0.24822695553302765
105249	1.0
105252	0.8324324488639832
105255	0.8392857313156128
105259	0.8986175060272217
105262	0.9128205180168152
105263	0.7628205418586731
105269	0.6578947305679321
105270	0.0714285746216774
105272	0.5586206912994385
105275	0.8997134566307068
105276	1.0
105278	0.8715596199035645
105279	1.0
105280	1.0
105282	0.07817589491605759
105284	0.37254902720451355
105286	0.9340277910232544
105287	0.002967359032481909
105288	0.3099631071090698
105290	0.06557376682758331
105299	0.24679486453533173
105300	0.142259418964386
105301	0.2599620521068573
105302	0.055374592542648315
105303	0.02857142873108387
105304	0.02118644118309021
105305	1.0
105306	1.0
105307	1.0
105308	0.8962264060974121
105310	1.0
105311	0.5663265585899353
105314	0.25
105315	0.14677104353904724
105316	0.09666666388511658
105325	0.03826530650258064
105326	0.6178010702133179
105328	0.03125
105330	0.8413461446762085
105331	1.0
105332	0.06101695075631142
105333	0.36320754885673523
105334	0.9841772317886353
105335	1.0
105337	0.7647058963775635
105338	0.9945945739746094
105339	0.007751937955617905
105344	0.3529411852359772
105348	0.021367521956562996
105349	0.095238097012043
105350	0.9894737005233765
105352	0.5871559381484985
105354	1.0
105355	0.5810810923576355
105357	0.8343949317932129
105358	0.027397260069847107
105360	0.9428571462631226
105361	0.6245487332344055
105364	0.0714285746216774
105375	0.5421686768531799
105377	0.18285714089870453
105378	0.4521739184856415
105379	0.9745762944221497
105380	0.011695906519889832
105381	1.0
105382	1.0
105384	1.0
105385	1.0
105387	1.0
105388	1.0
105389	0.9810126423835754
105390	1.0
105391	1.0
105392	1.0
105393	1.0
105394	0.1428571492433548
105395	1.0
105397	0.1631799191236496
105400	0.41134750843048096
105401	0.9779005646705627
105402	0.3392857015132904
105404	1.0
105406	1.0
105407	1.0
105408	0.4595959484577179
105410	1.0
105411	0.8125
105413	0.1752265840768814
105414	0.804347813129425
105415	0.06382978707551956
105417	0.07299269735813141
105418	0.1990521401166916
105419	0.0890410989522934
105420	0.0729166641831398
105421	0.7820512652397156
105422	1.0
105423	0.04414587467908859
105424	1.0
105425	1.0
105428	0.5551724433898926
105429	0.22334294021129608
105430	0.06785714626312256
105432	0.6990291476249695
105433	0.45652174949645996
105434	0.4712153375148773
105436	0.834269642829895
105437	0.07098765671253204
105439	1.0
105440	0.1822429895401001
105441	0.8260869383811951
105442	0.9143646359443665
105443	0.004535147454589605
105446	0.3779342770576477
105447	0.9742990732192993
105448	0.04220779240131378
105449	0.014388489536941051
105450	0.05128205195069313
105452	0.5491803288459778
105453	0.03016241267323494
105454	0.2734375
105455	0.006849315017461777
105458	1.0
105459	0.40265485644340515
105460	1.0
105462	0.13286712765693665
105463	0.9734848737716675
105465	0.04624277353286743
105466	0.7420718669891357
105467	0.8399999737739563
105473	0.9776358008384705
105475	0.1812865436077118
105476	0.9677419066429138
105477	0.21153846383094788
105480	0.21515892446041107
105481	0.9937888383865356
105488	0.22499999403953552
105489	0.887417197227478
105491	0.5271966457366943
105494	0.6602563858032227
105495	0.005494505632668734
105497	0.11170212924480438
105506	0.09014084190130234
105509	0.32116788625717163
105512	0.5327869057655334
105516	1.0
105519	0.969072163105011
105521	1.0
105522	0.11604095250368118
105524	0.0234375
105525	1.0
105526	0.859649121761322
105527	1.0
105528	1.0
105529	1.0
105531	0.17910447716712952
105532	1.0
105536	0.009803921915590763
105538	0.2160000056028366
105551	0.1083032488822937
105555	0.16225165128707886
105556	0.8739495873451233
105559	0.49074074625968933
105561	0.3660714328289032
105562	1.0
105563	1.0
105564	0.05263157933950424
105565	0.3031359016895294
105566	1.0
105568	0.9854369163513184
105569	1.0
105570	1.0
105571	0.9532710313796997
105577	0.125
105578	0.313043475151062
105584	0.013513513840734959
105585	0.06122449040412903
105589	0.9855595827102661
105590	1.0
105591	0.08571428805589676
105592	0.902222216129303
105593	1.0
105594	0.6363636255264282
105596	1.0
105597	1.0
105598	0.01875000074505806
105599	0.8145454525947571
105600	1.0
105601	1.0
105602	1.0
105604	0.9389312863349915
105605	0.27796611189842224
105606	0.5684647560119629
105607	0.0284810122102499
105609	0.3347547948360443
105610	0.048245612531900406
105611	0.43063583970069885
105613	0.24696356058120728
105614	1.0
105615	0.9805194735527039
105616	0.004081632476300001
105617	1.0
105618	0.7927461266517639
105619	0.7358490824699402
105620	1.0
105621	1.0
105622	0.4423076808452606
105623	1.0
105624	0.9523809552192688
105626	0.9931972622871399
105627	1.0
105630	1.0
105631	0.35866260528564453
105633	0.9748427867889404
105635	1.0
105638	0.6829268336296082
105639	0.3529411852359772
105640	0.9384615421295166
105641	0.9737704992294312
105643	0.9207317233085632
105645	0.12352941185235977
105647	1.0
105648	1.0
105650	1.0
105651	0.936170220375061
105652	1.0
105653	1.0
105654	1.0
105655	0.4000000059604645
105657	1.0
105658	0.8927038908004761
105659	0.7706093192100525
105664	0.13333334028720856
105665	0.6274510025978088
105666	1.0
105667	1.0
105668	0.3125
105669	1.0
105670	1.0
105671	0.2432432472705841
105672	1.0
105673	1.0
105675	1.0
105677	0.008064515888690948
105680	0.6822034120559692
105681	0.5786163806915283
105685	1.0
105687	0.057692307978868484
105689	0.96875
105690	0.1538461595773697
105695	0.3206106722354889
105698	0.020408162847161293
105710	0.5254237055778503
105712	0.4564102590084076
105713	1.0
105718	0.36764705181121826
105721	0.49494948983192444
105725	0.025806451216340065
105750	0.10106383264064789
105751	0.2926829159259796
105756	0.966292142868042
105757	0.0060606058686971664
105758	0.9736841917037964
105760	1.0
105762	1.0
105763	0.10508474707603455
105765	1.0
105769	1.0
105770	0.009009009227156639
105771	1.0
105772	0.0883977934718132
105774	0.9939393997192383
105776	1.0
105778	1.0
105779	1.0
105780	0.042553190141916275
105781	1.0
105782	1.0
105784	0.9791666865348816
105785	1.0
105786	1.0
105787	1.0
105788	0.4264705777168274
105790	0.16740088164806366
105797	0.2415459007024765
105801	0.3742690086364746
105805	0.6521739363670349
105806	0.4117647111415863
105808	0.899193525314331
105809	0.0918114110827446
105812	1.0
105823	0.03579952195286751
105846	0.14718614518642426
105847	0.00671140942722559
105850	0.05681818351149559
105851	0.6171171069145203
105857	0.9545454382896423
105859	1.0
105860	0.4375
105861	0.9764705896377563
105863	0.9166666865348816
105864	1.0
105865	1.0
105866	0.5406504273414612
105868	0.0923076942563057
105869	1.0
105870	1.0
105871	1.0
105872	1.0
105873	1.0
105875	1.0
105876	1.0
105877	0.8061538338661194
105878	1.0
105879	1.0
105880	1.0
105881	0.5538461804389954
105884	0.012195121496915817
105885	1.0
105888	0.9333333373069763
105892	0.02459016442298889
105895	0.0416666679084301
105901	0.5625
105907	0.9732142686843872
105909	0.6849315166473389
105912	1.0
105913	0.010309278033673763
105915	0.4193548262119293
105916	1.0
105918	0.9392523169517517
105919	1.0
105920	1.0
105921	0.7482014298439026
105922	1.0
105923	1.0
105925	1.0
105926	1.0
105927	0.447761207818985
105928	1.0
105929	1.0
105931	0.6557376980781555
105935	1.0
105936	0.9449999928474426
105937	0.6875
105938	0.03488372266292572
105949	0.30308881402015686
105951	0.12878787517547607
105952	0.746666669845581
105954	1.0
105955	0.9406392574310303
105957	0.7942238450050354
105958	0.5024154782295227
105960	0.9966996908187866
105961	0.4166666567325592
105964	1.0
105967	0.1411764770746231
105969	0.08056872338056564
105973	0.09004739671945572
105975	1.0
105976	1.0
105977	1.0
105979	0.8520179390907288
105980	0.9551020264625549
105983	0.3425196707248688
105984	0.827368438243866
105985	1.0
105988	0.7532188892364502
105992	0.8233944773674011
105995	0.00826446246355772
105996	0.5762711763381958
105999	1.0
106001	1.0
106002	1.0
106004	0.009433962404727936
106007	1.0
106008	0.5899280309677124
106011	1.0
106016	1.0
106021	0.6276595592498779
106022	0.09565217047929764
106023	0.8384615182876587
106025	0.4901185631752014
106032	0.5259938836097717
106034	1.0
106036	0.7754010558128357
106037	1.0
106042	1.0
106043	0.029673591256141663
106047	0.8220064640045166
106054	0.01860465109348297
106060	0.08076923340559006
106063	0.12227074056863785
106065	0.35943061113357544
106067	0.010204081423580647
106070	0.02604166604578495
106071	0.2620689570903778
106073	0.28735631704330444
106075	1.0
106076	0.6397849321365356
106077	0.5692307949066162
106079	0.585106372833252
106080	0.9885495901107788
106081	1.0
106083	0.6761133670806885
106084	0.029411764815449715
106085	0.020172910764813423
106086	1.0
106089	0.19895288348197937
106090	1.0
106091	0.6758620738983154
106093	0.14754098653793335
106095	0.1111111119389534
106096	1.0
106098	0.6929824352264404
106099	1.0
106100	0.022624434903264046
106102	1.0
106103	1.0
106104	0.5789473652839661
106105	0.17499999701976776
106106	0.014319809153676033
106107	1.0
106108	1.0
106110	0.8489425778388977
106111	1.0
106112	1.0
106114	0.7533875107765198
106115	1.0
106118	0.40080970525741577
106119	1.0
106121	0.7921568751335144
106122	0.9724770784378052
106124	1.0
106125	0.03236246109008789
106126	0.7708333134651184
106127	0.51953125
106128	0.17391304671764374
106129	0.2150537669658661
106135	0.6666666865348816
106136	0.6159695982933044
106137	1.0
106138	0.9257425665855408
106139	0.7063196897506714
106140	0.31213873624801636
106144	1.0
106146	1.0
106147	0.12992125749588013
106149	0.29411765933036804
106153	1.0
106154	1.0
106156	0.97826087474823
106157	0.39726027846336365
106158	0.3195266127586365
106167	0.012269938364624977
106168	0.948616623878479
106171	0.8913043737411499
106173	0.895652174949646
106175	0.9053030014038086
106177	0.008583690971136093
106182	0.03619909659028053
106187	0.7297297120094299
106188	0.017621144652366638
106189	0.0037174720782786608
106194	0.6408450603485107
106195	0.9371428489685059
106196	0.8833333253860474
106197	0.6195122003555298
106198	0.011111111380159855
106199	0.9976470470428467
106201	0.024193547666072845
106203	1.0
106204	0.06726457178592682
106205	1.0
106206	1.0
106207	0.40310078859329224
106209	0.06267806142568588
106219	0.10400000214576721
106222	0.4333333373069763
106234	0.6468085050582886
106235	0.4647887349128723
106237	0.12418300658464432
106238	0.0625
106243	1.0
106244	0.2194092869758606
106245	0.7761732935905457
106247	1.0
106248	1.0
106249	0.14179104566574097
106251	1.0
106252	0.09090909361839294
106253	0.9599999785423279
106255	0.09638553857803345
106256	0.23148147761821747
106270	0.5057471394538879
106271	0.4566929042339325
106273	0.6499999761581421
106274	0.27173912525177
106275	0.49295774102211
106276	1.0
106278	1.0
106279	0.5338345766067505
106281	1.0
106282	0.7260273694992065
106283	1.0
106286	0.5326633453369141
106288	0.4137931168079376
106292	0.03921568766236305
106293	0.2153846174478531
106294	1.0
106295	0.5
106296	0.17241379618644714
106297	0.7960526347160339
106299	0.5595238208770752
106300	0.10897435992956161
106301	0.32413792610168457
106302	0.008849557489156723
106312	0.15079365670681
106313	0.02068965509533882
106315	0.014005602337419987
106321	0.6959999799728394
106322	0.009661835618317127
106323	0.2644067704677582
106325	0.3216783106327057
106326	0.9885495901107788
106327	1.0
106328	1.0
106329	0.8131868243217468
106330	1.0
106331	1.0
106334	1.0
106336	0.18644067645072937
106338	0.9927007555961609
106339	0.04545454680919647
106341	0.9795082211494446
106342	0.06666667014360428
106347	0.05263157933950424
106348	0.006211180239915848
106349	0.010135134682059288
106353	0.00913241971284151
106354	0.013888888992369175
106360	0.0235294122248888
106362	0.7410072088241577
106370	0.4979591965675354
106371	0.4285714328289032
106373	1.0
106375	1.0
106376	0.08396946638822556
106380	0.13953489065170288
106382	0.10582010447978973
106384	1.0
106387	1.0
106388	0.9811320900917053
106390	0.6746031641960144
106391	0.7318007946014404
106393	0.028368793427944183
106397	0.9468085169792175
106398	1.0
106401	0.07758620381355286
106403	0.9378530979156494
106406	1.0
106408	0.8048780560493469
106409	1.0
106411	1.0
106415	1.0
106417	0.9130434989929199
106419	1.0
106422	0.05288461595773697
106423	0.053892213851213455
106424	0.03755868598818779
106425	0.19379845261573792
106426	0.2266666740179062
106427	0.9818181991577148
106429	0.44915252923965454
106430	0.14606741070747375
106431	0.22413793206214905
106434	0.02931596152484417
106436	1.0
106440	0.13537117838859558
106441	0.6065573692321777
106443	0.9832134246826172
106444	0.24836601316928864
106446	0.09049773961305618
106447	0.12140575051307678
106448	0.02054794505238533
106450	0.07323943823575974
106452	0.09900990128517151
106453	0.2037735879421234
106454	0.11035653948783875
106458	0.7980295419692993
106459	0.8111110925674438
106462	1.0
106465	0.042553190141916275
106466	0.23790322244167328
106467	0.45393258333206177
106469	0.18266978859901428
106470	1.0
106471	0.9180952310562134
106472	0.9068322777748108
106473	0.6205533742904663
106475	0.009302325546741486
106478	0.7852760553359985
106479	0.25
106480	1.0
106481	1.0
106482	0.9837398529052734
106483	0.09677419066429138
106484	0.9555555582046509
106485	0.05647840350866318
106488	0.9415584206581116
106490	0.6410256624221802
106491	0.701298713684082
106492	0.4375
106493	0.0830564796924591
106494	1.0
106495	1.0
106497	0.1690140813589096
106498	1.0
106499	1.0
106501	1.0
106503	0.3137255012989044
106504	0.0839160829782486
106506	0.19572953879833221
106510	0.02500000037252903
106522	0.0684596598148346
106524	0.8165938854217529
106526	0.7739130258560181
106527	0.8987341523170471
106528	0.9219512343406677
106530	0.9960159659385681
106531	0.7124682068824768
106532	0.19083969295024872
106533	0.3842364549636841
106534	1.0
106535	1.0
106536	1.0
106540	1.0
106541	0.7464788556098938
106542	1.0
106543	0.054200541228055954
106545	0.8901515007019043
106548	0.3720930218696594
106552	0.2164948433637619
106553	0.8600000143051147
106563	0.25
106566	0.2923728823661804
106568	1.0
106570	0.5473684072494507
106571	0.8483754396438599
106572	1.0
106575	0.2283737063407898
106579	1.0
106580	0.9722222089767456
106581	1.0
106582	0.2800000011920929
106583	1.0
106584	1.0
106585	1.0
106586	1.0
106590	0.9268292784690857
106591	1.0
106592	1.0
106593	1.0
106595	0.8536585569381714
106596	1.0
106597	1.0
106599	1.0
106600	1.0
106601	1.0
106602	1.0
106603	1.0
106604	1.0
106605	0.654411792755127
106606	0.2433234453201294
106611	0.29088640213012695
106613	0.07086614519357681
106620	0.699999988079071
106623	0.17924527823925018
106624	0.9359999895095825
106625	1.0
106626	0.929411768913269
106627	1.0
106629	1.0
106630	0.260869562625885
106632	1.0
106633	1.0
106634	1.0
106635	0.9459459185600281
106637	0.6902654767036438
106639	1.0
106641	1.0
106642	0.8865979313850403
106646	0.9436619877815247
106647	1.0
106648	1.0
106649	1.0
106650	1.0
106651	0.9541984796524048
106655	1.0
106656	0.49484536051750183
106657	1.0
106658	1.0
106661	0.021978022530674934
106662	0.9848484992980957
106663	0.11184210330247879
106664	0.604519784450531
106669	0.06363636255264282
106675	0.023255813866853714
106676	1.0
106677	1.0
106679	0.484375
106680	0.4188034236431122
106681	0.18840579688549042
106692	0.7850467562675476
106694	1.0
106695	0.41333332657814026
106696	1.0
106697	0.5233644843101501
106698	1.0
106699	0.581250011920929
106700	1.0
106701	1.0
106703	0.5572519302368164
106708	1.0
106709	1.0
106710	1.0
106711	0.924369752407074
106712	0.01652892492711544
106713	0.20000000298023224
106714	1.0
106715	1.0
106716	1.0
106717	1.0
106718	0.07194244861602783
106719	0.5176056623458862
106721	0.4583333432674408
106722	0.44736841320991516
106736	0.125
106738	0.35885167121887207
106741	0.26570048928260803
106743	0.9726027250289917
106744	0.23144105076789856
106747	1.0
106748	1.0
106749	0.4156378507614136
106750	0.054421767592430115
106751	1.0
106752	1.0
106753	1.0
106754	0.3636363744735718
106757	0.1624203771352768
106758	0.3251533806324005
106759	0.005434782709926367
106760	0.8062826991081238
106761	0.18867924809455872
106762	0.36432161927223206
106763	0.1646489053964615
106764	0.130952388048172
106765	0.03333333507180214
106766	1.0
106767	0.13302752375602722
106770	0.9937694668769836
106772	0.11827956885099411
106773	0.047493401914834976
106774	0.004830917809158564
106776	0.3258427083492279
106777	1.0
106781	0.7272727489471436
106783	0.15789473056793213
106784	0.7887324094772339
106786	0.8805309534072876
106787	1.0
106788	0.2724014222621918
106789	1.0
106792	0.5272727012634277
106793	1.0
106794	0.027272727340459824
106795	1.0
106796	0.033834587782621384
106797	1.0
106798	1.0
106801	1.0
106802	0.06598984450101852
106803	0.15555556118488312
106805	1.0
106806	0.761904776096344
106807	0.7951070070266724
106808	0.7735849022865295
106809	1.0
106810	1.0
106811	0.7355371713638306
106812	0.5130434632301331
106814	0.1315789520740509
106815	0.5408163070678711
106816	0.8606557250022888
106817	0.9950980544090271
106818	0.8273809552192688
106823	0.38111889362335205
106825	0.158620685338974
106828	1.0
106829	0.8791666626930237
106833	0.0028985508251935244
106838	1.0
106839	1.0
106841	1.0
106842	0.18867924809455872
106843	1.0
106845	1.0
106846	1.0
106848	0.28260868787765503
106850	1.0
106851	1.0
106853	1.0
106854	1.0
106857	0.6082473993301392
106858	1.0
106859	0.8260869383811951
106860	0.019607843831181526
106861	1.0
106865	0.07058823853731155
106866	0.9016393423080444
106867	0.37288135290145874
106870	0.04838709533214569
106872	0.009803921915590763
106884	0.02688172087073326
106891	0.0117647061124444
106892	0.035087719559669495
106901	0.8828451633453369
106902	0.9677419066429138
106903	0.0078125
106906	0.484375
106909	0.8958333134651184
106911	1.0
106912	1.0
106914	0.032258063554763794
106915	1.0
106917	1.0
106920	0.9090909361839294
106921	1.0
106922	0.6818181872367859
106923	0.15803109109401703
106926	1.0
106927	0.3500967025756836
106928	0.8571428656578064
106930	0.6514657735824585
106931	0.9263803958892822
106932	0.18918919563293457
106933	0.5286343693733215
106935	0.3522012531757355
106940	0.1822916716337204
106941	0.07954545319080353
106944	0.018433179706335068
106945	0.45652174949645996
106946	0.0062500000931322575
106949	0.011627906933426857
106951	1.0
106956	1.0
106957	1.0
106959	0.1302083283662796
106960	0.9171974658966064
106963	0.035587187856435776
106964	1.0
106966	1.0
106970	1.0
106972	0.016355140134692192
106974	0.3534136414527893
106975	0.31111112236976624
106976	1.0
106977	0.9239436388015747
106978	1.0
106981	0.179824560880661
106982	0.21609196066856384
106983	1.0
106984	1.0
106985	0.9230769276618958
106986	0.888501763343811
106987	0.03105590119957924
106988	0.14498141407966614
106993	0.9936608672142029
106994	0.28742516040802
106995	0.8571428656578064
106996	0.6030769348144531
106998	0.6967508792877197
106999	0.011857707053422928
107001	0.02544529177248478
107002	0.42796608805656433
107004	0.5727272629737854
107005	0.24401913583278656
107006	0.5227272510528564
107009	0.9420289993286133
107013	0.36250001192092896
107017	0.16465863585472107
107025	0.2781065106391907
107028	0.9916666746139526
107032	0.6477987170219421
107034	0.12560386955738068
107035	0.8550724387168884
107036	0.7589743733406067
107038	0.41999998688697815
107039	0.5735294222831726
107040	0.7936508059501648
107042	0.6203703880310059
107043	1.0
107044	1.0
107045	0.1547619104385376
107046	0.06321839243173599
107047	0.29629629850387573
107049	0.1387900412082672
107051	0.892307698726654
107053	0.03180212154984474
107054	0.8775510191917419
107057	0.044025156646966934
107059	0.15811966359615326
107064	0.032407406717538834
107068	0.22093023359775543
107071	0.9489051103591919
107074	0.11428571492433548
107075	0.9253731369972229
107077	1.0
107078	0.004926108289510012
107081	0.2177419364452362
107083	0.08771929889917374
107088	0.33974358439445496
107089	0.33454546332359314
107090	0.21782177686691284
107091	0.7725118398666382
107093	1.0
107094	0.9534883499145508
107095	0.908088207244873
107096	0.905940592288971
107097	0.7791411280632019
107098	0.01587301678955555
107099	1.0
107100	0.996960461139679
107103	0.3879668116569519
107106	0.5740740895271301
107107	0.8815789222717285
107109	0.07641196250915527
107110	0.6696428656578064
107111	0.005167958792299032
107114	0.843137264251709
107115	0.4000000059604645
107117	0.046357616782188416
107119	0.17894737422466278
107120	0.9524940848350525
107121	1.0
107122	1.0
107124	0.4382716119289398
107125	1.0
107126	0.0541401281952858
107127	1.0
107128	0.2832369804382324
107129	1.0
107130	1.0
107131	1.0
107132	0.9694656729698181
107134	1.0
107135	0.11282051354646683
107136	0.7731958627700806
107137	1.0
107138	1.0
107139	0.9871794581413269
107140	1.0
107141	0.9768785834312439
107142	0.25974026322364807
107144	0.5707762837409973
107145	1.0
107148	0.27807486057281494
107149	0.335999995470047
107150	0.0988142266869545
107152	0.7114624381065369
107153	1.0
107154	0.20034843683242798
107156	0.1497175097465515
107159	1.0
107160	1.0
107162	0.1656050980091095
107163	0.04958677664399147
107164	0.9638554453849792
107167	1.0
107168	0.14965985715389252
107169	1.0
107170	0.8550724387168884
107172	0.025316456332802773
107173	0.43406593799591064
107174	0.1360759437084198
107175	0.23380281031131744
107177	1.0
107178	0.21556885540485382
107179	0.3240000009536743
107182	0.8125
107183	0.08212560415267944
107185	0.06334841996431351
107190	0.047311827540397644
107191	0.022857142612338066
107193	0.16049382090568542
107202	0.7674418687820435
107203	0.3191489279270172
107205	0.41304346919059753
107206	0.3799391984939575
107207	1.0
107209	1.0
107211	0.15000000596046448
107213	0.9672897458076477
107214	0.7322834730148315
107216	1.0
107217	0.25
107218	1.0
107222	0.9696969985961914
107224	1.0
107225	1.0
107226	0.8888888955116272
107228	0.016129031777381897
107229	1.0
107230	1.0
107234	0.21276596188545227
107236	1.0
107237	0.9756097793579102
107238	0.6278026700019836
107239	0.29113924503326416
107241	1.0
107242	0.9867549538612366
107243	0.6622806787490845
107245	0.07586207240819931
107246	0.31468531489372253
107247	1.0
107248	0.9669421315193176
107250	0.800000011920929
107253	0.004672897048294544
107254	0.21978022158145905
107256	0.31418919563293457
107266	0.03952569141983986
107268	0.09210526198148727
107269	0.41025641560554504
107271	1.0
107273	0.8809523582458496
107274	0.5151515007019043
107277	1.0
107279	0.221374049782753
107280	0.20224718749523163
107281	1.0
107283	1.0
107284	1.0
107285	0.0923076942563057
107286	1.0
107287	0.9545454382896423
107293	1.0
107294	1.0
107295	1.0
107297	1.0
107298	1.0
107299	1.0
107300	0.12380952388048172
107301	1.0
107302	0.26249998807907104
107303	1.0
107304	1.0
107306	1.0
107307	0.054054055362939835
107308	1.0
107309	0.7931034564971924
107310	0.3360655605792999
107311	0.9781022071838379
107312	0.8421052694320679
107313	0.23148147761821747
107337	0.4853801131248474
107339	0.008130080997943878
107340	0.6959459185600281
107342	0.8241758346557617
107343	0.7525773048400879
107349	0.6421052813529968
107350	0.4656488597393036
107357	0.027210883796215057
107358	0.08661417663097382
107359	0.8104575276374817
107361	0.5019920468330383
107363	0.3122676610946655
107365	0.017175571992993355
107367	0.7764706015586853
107368	1.0
107371	1.0
107373	0.1479099690914154
107375	0.05820105969905853
107376	1.0
107378	0.026490066200494766
107379	1.0
107380	1.0
107381	0.5393258333206177
107383	0.32203391194343567
107385	0.568965494632721
107387	0.08943089097738266
107388	0.06112469360232353
107389	1.0
107390	0.15217390656471252
107391	0.55982905626297
107392	0.4057970941066742
107394	0.4152046740055084
107395	0.0181818176060915
107399	1.0
107400	0.4966592490673065
107402	0.6700336933135986
107403	0.3417721390724182
107414	1.0
107418	0.3333333432674408
107422	1.0
107426	0.8640776872634888
107429	0.3011764585971832
107430	0.29629629850387573
107433	0.26153847575187683
107435	0.1649484485387802
107436	1.0
107437	0.16850829124450684
107438	0.7188498377799988
107439	1.0
107440	0.1317567527294159
107447	0.9836734533309937
107450	0.9940119981765747
107452	0.30215826630592346
107453	0.05932203307747841
107454	1.0
107455	1.0
107456	1.0
107457	0.5925925970077515
107459	0.21808511018753052
107461	1.0
107462	0.47058823704719543
107464	1.0
107465	1.0
107466	1.0
107469	0.3918918967247009
107471	1.0
107472	0.9898989796638489
107476	0.9824561476707458
107478	0.14074073731899261
107479	0.18095238506793976
107481	0.03896103799343109
107482	0.051948051899671555
107499	0.02222222276031971
107500	0.02380952425301075
107503	0.2654867172241211
107508	0.03703703731298447
107509	0.5081300735473633
107511	0.1925133615732193
107512	0.20408163964748383
107513	0.6643356680870056
107519	0.08898305147886276
107520	0.021929824724793434
107521	0.10091742873191833
107523	0.9931507110595703
107524	0.15846994519233704
107525	0.3767772614955902
107528	0.3396226465702057
107530	0.6522842645645142
107534	0.05056179687380791
107535	0.04198473319411278
107536	0.21212121844291687
107537	0.734883725643158
107540	0.5707070827484131
107541	0.9594594836235046
107542	0.0791366919875145
107544	0.2908587157726288
107550	0.24358974397182465
107555	0.49668875336647034
107558	0.17796610295772552
107560	0.4727272689342499
107563	0.265625
107566	0.7333333492279053
107567	1.0
107569	0.8196721076965332
107570	1.0
107571	0.8136363625526428
107572	0.9767441749572754
107576	0.4738219976425171
107578	0.07692307978868484
107579	0.4791666567325592
107581	0.6462882161140442
107587	0.23529411852359772
107589	0.01666666753590107
107590	0.12154696136713028
107593	0.6095238327980042
107594	0.004950494971126318
107595	0.7362637519836426
107596	0.9603960514068604
107597	1.0
107598	0.9714285731315613
107599	1.0
107602	0.18644067645072937
107604	0.7348242998123169
107605	1.0
107607	1.0
107608	0.0634441077709198
107611	1.0
107614	0.8413792848587036
107615	1.0
107616	0.9769230484962463
107617	0.220095694065094
107618	0.2838428020477295
107619	0.2800000011920929
107620	0.048929665237665176
107623	0.03299492225050926
107624	0.9716494679450989
107628	0.22123894095420837
107629	0.20277777314186096
107630	0.07079645991325378
107639	0.0533333346247673
107641	0.07608695328235626
107644	0.006779660936444998
107648	0.6148936152458191
107649	0.15135134756565094
107651	0.4714285731315613
107652	0.029197080060839653
107653	0.38461539149284363
107654	0.2023809552192688
107655	0.31386861205101013
107656	0.05319149047136307
107657	0.32116788625717163
107658	0.7659574747085571
107660	0.9341317415237427
107661	1.0
107663	0.40495866537094116
107667	0.2443181872367859
107669	0.06372549384832382
107670	0.565432071685791
107671	0.4585253596305847
107672	0.008298755623400211
107675	0.14429530501365662
107676	0.6494845151901245
107677	0.10526315867900848
107688	0.5558823347091675
107689	1.0
107690	0.7464985847473145
107691	0.010033444501459599
107696	0.2746913433074951
107697	0.46261683106422424
107698	0.7118644118309021
107699	0.0917431190609932
107700	0.013661202043294907
107701	0.8918406367301941
107702	0.9078947305679321
107703	0.044692736119031906
107704	0.6840391159057617
107705	0.5424354076385498
107707	0.03787878900766373
107709	0.0077821011655032635
107710	0.09090909361839294
107712	0.4945652186870575
107713	0.4615384638309479
107715	0.6220095753669739
107716	0.09210526198148727
107718	1.0
107719	0.0833333358168602
107720	0.3699788451194763
107721	1.0
107722	0.6159420013427734
107724	0.3665480315685272
107725	0.770588219165802
107727	0.8764045238494873
107728	0.9470198750495911
107729	0.39066338539123535
107731	0.07971014827489853
107732	0.4057970941066742
107734	0.18884120881557465
107736	0.04827586188912392
107737	0.4455445408821106
107742	0.9723183512687683
107744	0.0031152646988630295
107748	0.896774172782898
107752	0.4682539701461792
107754	0.6172839403152466
107755	0.0989399328827858
107756	0.014314928092062473
107760	0.7461773753166199
107762	0.10784313827753067
107764	0.5078125
107765	0.93388432264328
107769	0.1865079402923584
108033	0.05135951563715935
108034	0.11678832024335861
108036	0.586915910243988
108038	0.10426539927721024
108039	1.0
108041	0.6428571343421936
108042	1.0
108043	1.0
108044	1.0
108045	0.09871244430541992
108046	0.8640000224113464
108047	0.16571427881717682
108048	0.7867867946624756
108050	0.06849315017461777
108075	0.03142857179045677
108089	0.0906040295958519
108091	0.49459460377693176
108092	0.27474746108055115
108094	0.8733850121498108
108096	0.012048192322254181
108097	0.9955752491950989
108099	0.9795918464660645
108101	1.0
108102	0.048192769289016724
108105	1.0
108106	0.8195488452911377
108107	0.6216216087341309
108108	1.0
108109	0.7086092829704285
108110	0.8944099545478821
108112	0.1473684161901474
108115	0.019498607143759727
108126	0.03030303120613098
108127	0.38032788038253784
108129	0.027027027681469917
108131	0.0917874425649643
108138	0.1325301229953766
108139	0.9005235433578491
108140	0.2857142984867096
108144	0.8782051205635071
108146	1.0
108148	1.0
108149	0.9360730648040771
108150	1.0
108151	0.5405405163764954
108154	0.040712468326091766
108155	0.046116504818201065
108156	0.020725388079881668
108320	0.647230327129364
108321	1.0
108323	0.8641732335090637
108325	0.8729282021522522
108327	0.12451361864805222
108338	0.53644859790802
108339	0.15521064400672913
108343	1.0
108345	0.03100775182247162
108443	0.5903083682060242
108445	0.8369905948638916
108446	0.13178294897079468
108447	0.8773584961891174
108448	1.0
108449	0.02244389057159424
108450	0.5681818127632141
108451	0.09012875705957413
108548	0.8477365970611572
108549	0.0044052861630916595
108550	0.6339285969734192
108552	1.0
108554	0.3012048304080963
108559	0.0034602077212184668
108573	0.011627906933426857
108583	0.2194092869758606
108586	0.012693935073912144
108588	0.7474226951599121
108612	0.17915309965610504
114181	0.7755101919174194
114185	1.0
114191	0.005649717524647713
114211	0.7938144207000732
114214	0.3333333432674408
114261	0.04672897234559059
114263	0.18285714089870453
115960	0.13740457594394684
115963	0.6230366230010986
115969	1.0
115972	0.6274510025978088
115973	1.0
115974	1.0
115976	0.09333333373069763
115978	1.0
115980	1.0
115981	1.0
115986	0.7446808218955994
115988	0.9200000166893005
115989	0.48520711064338684
116074	0.02688172087073326
116146	0.2816092073917389
116149	0.7300000190734863
116150	0.60447758436203
116151	1.0
116152	0.6981981992721558
116153	1.0
116155	0.14754098653793335
116157	0.9956896305084229
116159	0.45588234066963196
116161	0.9719626307487488
116166	0.022900763899087906
116168	0.9659863710403442
116258	0.11057692021131516
116259	0.8129496574401855
116260	1.0
116261	0.7405405640602112
116262	0.2214765101671219
116263	0.19819819927215576
116339	0.35877862572669983
116342	0.10204081982374191
116343	0.17045454680919647
116348	1.0
116350	0.9324324131011963
116352	1.0
116360	0.07818929851055145
116361	1.0
116368	0.018518518656492233
116369	0.9020978808403015
116372	0.830258309841156
116377	0.8636363744735718
116378	0.008620689623057842
116382	0.09055118262767792
117343	0.008849557489156723
117344	0.21621622145175934
117347	0.20000000298023224
117862	0.6433566212654114
117863	0.36000001430511475
117864	0.44859811663627625
117865	1.0
117867	0.17605634033679962
117868	1.0
117869	1.0
117871	1.0
117876	0.21052631735801697
117877	0.576059877872467
117878	0.6903225779533386
117880	0.6316758990287781
117881	1.0
117882	1.0
117886	0.5858585834503174
118191	0.021008403971791267
118193	1.0
118194	0.11320754885673523
118196	0.9263803958892822
118297	0.9740259647369385
118298	1.0
118299	0.9404761791229248
118300	1.0
118301	0.9756097793579102
118303	1.0
118304	1.0
118305	1.0
118306	0.27397260069847107
118308	0.9732142686843872
118309	0.1666666716337204
118311	0.9437500238418579
118316	0.17777778208255768
118512	0.08917197585105896
118518	1.0
118519	0.90055251121521
118520	1.0
118522	0.13725490868091583
118523	1.0
118528	1.0
118529	0.20212766528129578
118531	0.5
118535	0.09574468433856964
118539	0.42603549361228943
118540	0.09090909361839294
118553	0.32098764181137085
118556	0.4277286231517792
118557	1.0
118559	1.0
118560	1.0
118561	1.0
118563	1.0
118564	1.0
118565	0.1725490242242813
118566	1.0
118567	0.11999999731779099
118568	0.13333334028720856
119484	0.1344936639070511
119485	0.940625011920929
119486	0.2473958283662796
119624	0.9701492786407471
119625	1.0
119626	0.26744186878204346
119628	0.7122302055358887
119632	0.8421052694320679
